,True,Predicted
0,87.17001343,86.53827
2,86.0,85.57909
3,85.0,84.879486
10,85.09999847,84.95206
13,84.90000153,85.33168
19,84.90000153,84.9299
21,84.90000153,84.95856
25,85.0,84.80821
26,85.0,84.63493
27,85.0,84.59791
28,84.90000153,84.7036
35,85.09999847,84.439186
40,84.80000305,85.2325
41,85.09999847,84.88797
43,85.19999695,85.32411
52,86.0,85.91742
53,85.80000305,85.84146
55,86.09999847,86.10217
60,84.80000305,85.025276
61,84.30000305,84.360756
62,85.19999695,85.74315
63,85.09999847,85.54605
68,86.69999695,87.05499
71,87.19999695,87.44606
73,87.19999695,87.173325
75,87.09999847,87.22349
76,87.0,87.25512
77,86.90000153,87.14398
78,86.80000305,87.23727
79,87.0,86.99841
80,86.59999847,87.0556
81,86.69999695,87.23004
82,86.90000153,86.987564
86,87.0,87.249084
89,86.69999695,87.07287
91,86.80000305,86.86605
93,87.09999847,87.052216
97,87.09999847,87.444435
99,87.09999847,87.48007
100,86.69999695,86.67233
101,86.90000153,87.2224
105,87.19999695,87.26036
106,87.30000305,87.17012
107,87.69999695,87.55977
110,87.59999847,87.37735
111,87.90000153,87.628685
112,87.90000153,87.81852
115,85.542239,85.64611
116,85.542239,85.57377
120,89.0,88.08134
123,86.69999695,86.874245
127,85.80000305,86.225395
128,86.09999847,86.00719
129,85.69999695,86.101974
131,85.69999695,86.23309
136,85.59999847,85.63979
139,85.59999847,85.570145
145,85.59999847,85.34239
160,84.69999695,84.84401
163,85.0,85.39249
165,85.0,85.890015
168,85.0,84.91049
177,84.69999695,84.85327
178,85.0,84.821884
183,84.90000153,85.018974
184,85.19999695,85.39939
197,85.40000153,85.557175
199,85.30000305,85.55297
207,86.0,86.566696
208,86.30000305,86.24669
213,86.19999695,86.288025
215,86.19999695,86.42647
222,85.90000153,86.16278
228,85.59999847,85.813065
232,85.0,84.86871
236,84.5,84.97325
239,85.5,85.173004
243,85.30000305,85.36997
248,85.80000305,85.728546
250,85.59999847,85.48334
251,85.0,85.108025
255,86.0,85.58656
259,83.69999695,83.08098
264,85.542239,85.57892
266,85.542239,85.66921
268,87.0,86.90269
270,86.30000305,86.32683
279,87.80000305,87.86307
284,88.69999695,89.07895
288,88.59999847,88.683914
292,87.90000153,87.672035
293,88.30000305,87.98002
297,87.80000305,87.96066
299,88.19999695,88.04106
300,88.09999847,88.21948
301,88.40000153,88.61751
303,88.40000153,88.300316
307,87.30000305,87.591324
310,87.40000153,87.5534
316,86.90000153,87.01642
319,86.69999695,86.51964
323,85.59999847,85.71968
324,85.30000305,85.28169
328,84.90000153,84.944374
329,84.59999847,84.82056
330,84.5,84.788826
331,84.40000153,84.59251
336,85.19999695,85.13468
337,85.30000305,85.23257
339,86.09999847,85.99045
344,86.59999847,86.433395
350,86.19999695,86.04558
353,86.0,85.952705
354,86.30000305,85.98213
355,86.30000305,86.459625
358,85.542239,85.80394
359,85.542239,85.76369
362,88.30000305,87.84595
363,87.30000305,87.26824
367,86.40000153,86.815765
370,86.30000305,86.02857
372,86.09999847,86.10567
373,85.59999847,86.05211
374,86.0,86.23811
375,86.19999695,86.74725
386,85.90000153,86.07068
387,86.09999847,86.29235
389,86.09999847,86.2284
391,86.0,85.65062
392,85.80000305,85.680725
395,85.90000153,86.008705
400,85.59999847,85.50163
403,85.59999847,85.6824
404,85.0,85.24069
408,85.59999847,86.081604
419,84.59999847,85.136185
421,85.19999695,85.55057
423,85.40000153,85.46699
425,85.69999695,85.89908
427,85.90000153,85.8914
432,85.40000153,86.051956
433,85.59999847,85.71396
434,85.40000153,85.25604
437,85.0,85.18701
438,85.30000305,85.68965
442,85.40000153,85.72161
447,85.90000153,86.09666
448,85.69999695,85.98847
455,86.19999695,86.280945
458,85.0,85.60863
469,85.19999695,85.32935
478,84.90000153,84.812744
482,83.5,83.20831
490,84.5,84.15835
492,84.09999847,84.55434
493,83.90000153,83.86818
494,83.69999695,83.867355
497,83.59999847,83.405075
501,83.30000305,83.68073
504,83.40000153,83.81109
505,83.69999695,83.66205
511,83.59999847,84.06476
512,83.5,83.74563
513,83.69999695,83.97508
515,83.69999695,84.15361
516,83.59999847,83.97043
518,83.19999695,83.39191
523,83.0,83.894135
524,86.69999695,87.60773
537,84.80000305,84.266266
540,84.5,84.72027
542,84.40000153,84.02855
563,84.30000305,84.25969
564,84.59999847,84.727684
571,84.90000153,85.00903
573,84.69999695,84.72054
583,84.69999695,84.78349
586,84.0,84.57626
588,83.80000305,84.153336
590,83.80000305,83.90336
591,83.80000305,84.14681
592,83.90000153,84.34294
594,83.90000153,83.833725
595,83.90000153,84.17075
602,84.19999695,84.45397
603,84.40000153,83.961235
604,84.30000305,83.959305
606,84.5,84.33635
609,84.30000305,84.298386
611,84.30000305,84.32919
612,84.5,84.80114
615,85.69999695,86.14104
623,86.19999695,86.41883
625,86.09999847,85.99363
626,85.40000153,85.6897
631,85.19999695,85.4861
638,85.80000305,86.19117
645,87.19999695,86.86479
647,87.30000305,86.81716
650,86.59999847,86.906586
652,86.59999847,86.76974
653,86.40000153,86.37883
656,85.59999847,85.75998
657,85.80000305,85.38985
659,86.09999847,85.96629
662,86.19999695,86.4371
670,86.40000153,86.64583
672,86.40000153,86.32623
673,86.40000153,86.66351
674,86.30000305,86.44005
676,86.19999695,86.572784
677,86.19999695,86.46743
679,86.19999695,86.48062
681,86.09999847,86.050674
686,85.90000153,85.98953
691,86.19999695,86.317635
696,87.19999695,87.17435
699,86.59999847,86.940834
701,86.90000153,86.85097
702,87.09999847,87.25475
705,86.90000153,86.91231
706,86.5,86.835915
707,86.80000305,86.3942
708,86.90000153,86.56061
711,86.80000305,87.35736
714,87.19999695,87.033676
717,85.542239,85.57152
721,88.40000153,87.762596
732,84.5,84.832504
736,84.5,84.501656
739,84.19999695,84.155014
740,84.40000153,84.43981
744,84.19999695,84.26953
746,83.80000305,84.28183
750,83.59999847,83.87155
753,82.5,82.51534
754,82.09999847,82.39322
755,82.19999695,82.50802
757,82.0,82.78119
759,82.0,82.365005
761,82.19999695,82.3848
762,82.0,82.49219
764,82.30000305,82.36066
765,83.0,83.462654
769,83.30000305,83.51325
770,83.19999695,83.42647
781,82.59999847,82.59676
782,82.90000153,83.00014
784,83.0,83.39206
795,85.542239,85.66482
797,89.0,87.015945
804,83.90000153,83.55437
807,84.30000305,83.91145
809,84.40000153,84.31531
810,84.40000153,84.80989
814,84.5,84.39583
815,84.69999695,84.50304
819,85.09999847,84.87079
822,85.19999695,85.46963
824,85.59999847,85.91699
827,85.69999695,85.623695
830,85.59999847,85.50925
833,87.69999695,87.89534
835,86.40000153,86.23197
838,85.80000305,85.722466
846,85.90000153,86.014244
848,86.59999847,86.741905
851,86.0,85.95094
853,86.30000305,86.39671
857,86.40000153,86.08774
859,86.69999695,86.667885
860,86.59999847,86.46875
868,86.59999847,86.26806
869,86.59999847,86.18527
870,86.59999847,86.419266
876,86.69999695,86.842445
877,86.59999847,86.77068
881,85.09999847,84.86462
884,85.69999695,85.721214
886,85.80000305,85.91571
889,85.80000305,85.85297
894,85.19999695,85.2176
901,85.5,85.33964
902,85.0,85.11873
903,85.09999847,85.384415
907,85.09999847,85.29532
909,85.5,85.550385
919,86.0,86.157684
922,85.69999695,85.46506
924,85.59999847,85.89825
926,85.69999695,85.70369
928,85.40000153,85.65194
931,85.09999847,85.097595
934,85.09999847,85.41324
936,84.69999695,85.09101
937,85.0,85.0453
940,85.0,85.34631
941,85.0,84.918396
943,85.30000305,85.619934
945,85.09999847,85.2718
946,84.90000153,84.79169
947,85.19999695,85.18336
948,85.40000153,85.16818
956,85.5,85.33229
957,85.19999695,85.424255
960,85.40000153,84.952866
961,85.30000305,85.11319
964,85.09999847,85.19368
966,85.40000153,85.15874
967,85.30000305,85.1806
968,85.69999695,85.75116
969,85.59999847,85.93118
970,85.69999695,85.93264
972,85.69999695,85.42099
973,85.19999695,85.484825
981,85.5,85.6965
986,85.542239,85.5992
997,83.0,83.32615
998,83.09999847,82.82167
999,82.69999695,83.01541
1000,82.90000153,83.08781
1004,83.19999695,83.20998
1007,83.09999847,82.919426
1009,83.0,83.09756
1010,83.09999847,82.77646
1020,83.5,83.581924
1024,82.90000153,82.76351
1025,82.40000153,82.542786
1026,83.09999847,83.83174
1028,85.542239,85.6286
1032,85.542239,85.379745
1040,83.59999847,83.226295
1052,85.69999695,85.53876
1053,85.40000153,85.43324
1054,85.59999847,85.165474
1057,85.40000153,85.49401
1058,85.30000305,85.241425
1059,85.19999695,84.926285
1062,85.59999847,85.38478
1064,85.19999695,85.01303
1068,85.80000305,85.47154
1071,85.69999695,85.76421
1077,85.59999847,85.880936
1079,85.5,85.60881
1080,85.40000153,85.40971
1092,85.40000153,85.47548
1093,86.69999695,87.31961
1097,86.69999695,86.78644
1099,84.80000305,85.09322
1111,84.80000305,85.04592
1117,84.69999695,84.70883
1125,85.0,84.65924
1128,84.90000153,84.617096
1130,84.30000305,84.736084
1131,84.40000153,84.32846
1134,84.19999695,83.7607
1137,84.30000305,84.50018
1146,85.09999847,85.43135
1152,85.5,85.0189
1154,85.19999695,85.595726
1157,84.40000153,84.41194
1162,85.0,85.241005
1164,85.30000305,85.68195
1169,85.30000305,85.48413
1174,85.40000153,85.49641
1175,85.19999695,85.495674
1178,84.90000153,85.20854
1179,85.09999847,85.16553
1181,85.0,85.02478
1183,84.90000153,84.87709
1186,84.90000153,85.11616
1188,84.59999847,84.95457
1190,84.30000305,84.44055
1193,85.542239,85.587456
1198,86.30000305,85.80791
1199,86.09999847,86.38982
1200,86.09999847,86.48411
1205,84.09999847,83.98819
1207,84.40000153,84.82008
1208,84.59999847,84.84238
1211,85.0,85.40583
1214,84.80000305,84.82631
1221,86.30000305,86.20042
1222,86.19999695,86.42387
1226,85.09999847,84.83777
1227,85.0,84.609406
1228,84.90000153,84.78799
1229,84.69999695,84.76683
1239,84.90000153,84.94145
1241,85.09999847,84.5715
1243,84.5,84.23595
1253,84.69999695,84.64023
1258,85.09999847,85.018616
1260,85.5,85.07335
1263,85.40000153,85.34229
1264,85.30000305,85.19618
1268,85.40000153,85.214905
1287,85.542239,85.62097
1289,85.542239,85.73625
1291,85.90000153,85.204865
1296,84.40000153,84.34755
1300,83.59999847,84.03456
1301,84.40000153,84.18754
1305,84.5,84.86262
1306,84.30000305,84.432724
1307,84.30000305,84.11098
1311,84.59999847,84.82645
1316,84.30000305,84.404526
1320,84.80000305,84.697495
1321,84.69999695,84.350815
1323,84.59999847,84.60537
1324,84.5,84.31062
1325,84.40000153,84.657745
1335,84.69999695,84.180855
1337,84.69999695,85.0523
1339,84.40000153,84.51338
1340,84.40000153,85.01714
1344,84.59999847,84.37073
1345,84.59999847,84.540215
1348,84.5,84.29304
1354,84.69999695,84.33685
1355,84.40000153,84.41934
1356,84.59999847,84.46051
1360,84.19999695,84.16115
1365,84.90000153,84.81399
1366,85.0,85.16691
1372,84.59999847,84.92769
1375,85.0,84.78812
1381,84.90000153,84.62082
1383,84.80000305,84.716644
1384,84.59999847,84.36137
1385,84.40000153,84.80075
1394,84.80000305,84.89897
1397,85.80000305,85.96375
1400,85.30000305,85.435715
1401,85.40000153,85.79466
1404,85.19999695,85.582596
1405,85.40000153,85.62196
1408,85.30000305,85.28656
1409,85.30000305,85.12214
1412,85.69999695,85.75186
1415,86.0,86.10416
1416,86.09999847,85.867004
1423,87.30000305,87.01936
1426,87.40000153,87.32669
1429,87.0,87.147
1434,85.542239,85.64255
1435,85.542239,85.81331
1436,85.542239,85.75891
1439,87.5,87.12758
1440,86.69999695,86.452805
1443,85.40000153,85.360054
1447,85.09999847,85.49233
1449,85.0,84.749405
1451,85.19999695,85.42557
1459,84.80000305,85.03305
1472,84.09999847,84.53932
1474,84.30000305,84.36105
1477,84.30000305,84.55357
1483,83.80000305,84.1071
1486,83.90000153,84.11847
1488,84.0,84.575775
1492,84.0,84.24903
1497,83.80000305,84.21317
1506,83.40000153,83.92403
1508,83.30000305,83.59052
1510,83.0,83.2496
1512,83.09999847,83.22764
1527,82.90000153,82.87166
1537,82.69999695,83.01482
1548,82.5,82.20816
1549,82.5,82.90577
1557,82.09999847,82.499756
1558,82.30000305,82.85616
1560,83.19999695,83.23857
1561,83.30000305,83.22976
1562,83.59999847,83.943146
1565,82.19999695,82.00015
1572,89.69999695,88.59264
1575,85.80000305,86.17117
1576,84.30000305,83.533875
1579,84.09999847,83.683784
1588,85.5,85.47209
1591,85.5,85.10236
1600,85.5,86.00768
1602,85.59999847,85.639786
1604,85.40000153,85.4782
1608,84.90000153,85.21324
1609,85.0,85.18631
1610,85.0,85.35967
1612,84.90000153,84.909836
1613,85.09999847,85.09766
1614,85.09999847,85.314964
1616,85.0,85.00217
1618,84.40000153,84.88244
1623,83.90000153,84.034515
1627,84.09999847,84.33552
1629,84.40000153,84.82827
1631,84.30000305,84.22035
1634,84.09999847,84.7333
1635,84.40000153,84.83807
1639,84.5,84.451706
1641,84.40000153,85.04305
1648,85.0,85.14412
1655,84.30000305,84.41204
1659,83.69999695,84.22602
1660,84.0,84.48586
1663,85.30000305,85.39433
1664,84.90000153,84.91807
1671,84.90000153,84.90671
1674,85.09999847,85.444984
1676,84.59999847,84.51782
1677,84.30000305,84.62771
1681,83.69999695,84.07927
1682,83.80000305,84.07922
1684,84.09999847,84.47787
1686,84.30000305,84.6076
1697,85.19999695,85.28657
1703,84.59999847,85.23192
1707,84.09999847,84.394455
1711,83.80000305,84.321884
1713,84.30000305,84.715744
1716,84.5,84.897484
1717,84.80000305,85.01956
1719,84.59999847,84.68199
1720,84.59999847,85.03755
1723,84.40000153,85.00171
1724,84.59999847,85.28926
1725,84.80000305,85.325516
1731,84.80000305,84.85698
1734,84.80000305,85.11346
1740,84.30000305,84.57833
1745,84.30000305,84.54892
1747,83.80000305,84.45798
1757,85.0,85.0585
1758,84.59999847,84.907166
1762,84.59999847,84.761635
1769,84.19999695,83.94322
1770,83.40000153,83.648125
1773,83.19999695,83.71176
1776,83.59999847,84.06929
1777,83.5,83.77249
1779,83.59999847,83.695114
1780,83.5,83.8241
1781,83.19999695,83.51603
1782,83.19999695,83.52972
1787,83.59999847,84.0194
1792,84.59999847,85.21027
1795,84.19999695,84.64322
1798,85.542239,85.29259
1799,85.542239,85.38194
1801,85.542239,85.45874
1802,85.542239,85.68056
1803,85.542239,85.71804
1805,85.542239,85.52603
1807,88.09999847,87.36694
1820,85.30000305,85.19913
1821,85.0,85.26422
1823,84.59999847,85.00701
1825,85.09999847,85.01955
1827,84.80000305,84.82637
1838,85.09999847,85.131134
1841,84.69999695,84.782715
1847,84.5,84.947624
1851,84.5,84.721756
1858,84.69999695,85.05357
1860,85.0,85.19066
1862,85.30000305,85.26133
1863,85.40000153,85.29338
1871,85.19999695,85.05044
1873,84.90000153,84.880424
1876,84.69999695,84.866974
1877,84.80000305,84.68538
1880,84.59999847,84.668335
1882,84.5,84.91472
1883,84.69999695,84.90175
1885,84.90000153,84.99995
1886,84.69999695,85.08353
1890,84.19999695,84.34902
1895,84.19999695,84.52793
1896,84.30000305,84.833885
1897,84.19999695,84.44693
1898,84.30000305,84.082184
1901,84.5,84.92618
1903,84.0,84.42252
1907,84.40000153,84.61325
1908,84.40000153,84.662865
1909,84.59999847,84.56769
1913,84.5,84.73529
1918,84.80000305,84.79912
1923,84.09999847,84.40985
1924,84.5,84.2692
1925,84.19999695,84.4995
1929,85.5,85.80147
1932,86.30000305,86.522484
1935,86.19999695,86.504
1938,85.19999695,85.49027
1945,85.30000305,85.80815
1947,85.40000153,85.41764
1950,86.0,86.20413
1962,85.0,85.168625
1963,85.30000305,85.39189
1964,85.5,85.705826
1966,85.30000305,85.638725
1967,85.0,84.894615
1968,85.30000305,85.42419
1971,85.59999847,85.88875
1973,85.80000305,85.89267
1980,85.542239,85.57843
1981,85.542239,85.6671
1987,84.40000153,84.08448
1991,83.69999695,84.41497
2003,84.0,84.325745
2005,84.0,84.225624
2010,84.30000305,84.349014
2015,83.19999695,83.15938
2018,82.5,83.00018
2022,83.30000305,83.3568
2023,83.19999695,82.96455
2028,83.09999847,83.466866
2040,83.80000305,83.764206
2042,83.80000305,83.91484
2046,85.542239,85.54529
2050,85.542239,85.60281
2051,85.542239,85.74654
2068,84.19999695,84.03162
2069,83.90000153,83.96132
2073,84.09999847,84.404785
2083,84.59999847,84.47752
2086,84.5,84.73364
2093,84.30000305,84.70414
2094,84.5,84.54905
2096,84.5,84.583694
2098,84.5,84.391464
2099,84.40000153,84.31329
2107,84.09999847,84.31469
2109,84.09999847,84.32022
2116,84.0,84.4362
2117,84.0,84.35387
2120,84.0,84.149796
2121,83.90000153,84.29285
2123,85.0,85.4236
2127,85.40000153,85.63693
2129,85.30000305,85.53641
2130,84.80000305,85.33239
2136,85.0,85.15744
2138,86.0,86.64841
2155,85.80000305,86.224106
2156,85.80000305,86.11373
2163,86.30000305,86.57463
2169,87.30000305,87.49007
2170,87.40000153,87.42507
2173,88.59999847,88.60274
2181,85.542239,85.51544
2195,84.69999695,84.790344
2197,85.09999847,85.74175
2198,85.09999847,84.94656
2199,85.09999847,85.32556
2202,84.80000305,85.09672
2205,84.69999695,85.01782
2208,84.19999695,84.552826
2219,85.09999847,85.219795
2222,84.69999695,84.70334
2226,83.80000305,84.11151
2230,84.0,84.00293
2231,83.80000305,84.07311
2233,84.19999695,84.26283
2236,84.30000305,84.46903
2246,84.59999847,84.77521
2248,83.90000153,84.26649
2251,83.59999847,83.94831
2254,83.5,83.54583
2255,83.19999695,83.80142
2257,83.30000305,83.62319
2258,83.59999847,84.141235
2273,83.40000153,83.55864
2274,83.5,83.51201
2276,83.30000305,83.265366
2282,83.69999695,83.89138
2283,84.0,83.60434
2286,83.5,84.03675
2289,83.80000305,83.83367
2292,83.5,83.4266
2295,83.90000153,83.948265
2297,83.69999695,83.33573
2299,83.90000153,83.88651
2302,82.5,82.80086
2304,85.542239,85.52338
2307,88.59999847,88.88095
2309,86.40000153,86.63462
2312,84.40000153,83.991394
2313,84.59999847,84.52477
2316,85.19999695,85.460754
2317,85.40000153,85.27295
2319,84.80000305,84.56606
2320,84.59999847,84.80353
2321,84.59999847,84.934006
2322,85.19999695,85.21788
2324,85.30000305,85.592316
2326,84.80000305,84.80804
2331,84.59999847,84.77255
2336,84.59999847,84.88266
2341,85.0,84.79376
2342,85.09999847,85.29719
2344,84.90000153,84.40312
2347,84.5,84.55288
2349,84.30000305,84.41678
2352,84.30000305,84.29272
2353,84.0,84.28397
2354,84.30000305,84.28452
2360,85.40000153,85.456345
2362,85.09999847,84.84551
2366,84.80000305,84.87297
2370,84.69999695,84.76481
2371,84.69999695,84.44014
2383,85.69999695,85.88816
2386,86.0,86.0023
2387,86.40000153,86.547295
2391,85.69999695,85.73422
2392,85.59999847,85.47122
2403,86.19999695,86.4338
2408,86.09999847,85.82286
2409,86.19999695,86.37247
2410,86.40000153,86.26645
2413,86.69999695,86.53558
2415,86.19999695,86.41312
2416,86.69999695,86.83392
2418,86.30000305,86.84062
2422,85.59999847,86.07391
2430,85.30000305,85.45824
2432,84.80000305,85.1386
2435,85.5,85.32605
2437,85.30000305,85.44939
2439,86.19999695,85.66904
2441,86.0,85.95428
2451,85.80000305,85.894165
2452,86.40000153,86.55585
2461,87.80000305,87.90655
2463,87.30000305,87.11284
2467,86.0,85.62019
2469,86.19999695,86.03203
2471,85.30000305,84.70464
2474,85.69999695,85.70645
2477,86.0,85.25212
2479,85.80000305,86.05643
2482,85.69999695,85.32349
2489,84.90000153,84.35953
2492,84.69999695,84.51497
2494,85.0,84.710075
2496,84.80000305,84.91068
2497,85.0,85.062325
2502,85.542239,85.66589
2504,85.542239,85.72061
2508,84.0,83.94046
2512,83.30000305,83.02434
2514,83.09999847,83.26767
2522,83.90000153,84.253426
2523,84.30000305,84.5882
2532,84.0,83.67439
2538,84.5,84.83382
2540,85.0,84.697685
2541,84.5,84.64112
2544,85.09999847,85.17755
2546,84.90000153,85.19508
2547,84.90000153,84.99058
2555,84.90000153,85.19987
2556,84.80000305,85.06535
2557,84.59999847,84.53335
2558,84.09999847,83.99176
2561,84.80000305,85.06312
2562,84.90000153,85.022804
2567,85.30000305,85.04487
2575,84.5,84.52191
2581,84.90000153,85.3743
2582,84.59999847,84.78813
2583,85.542239,85.82152
2589,85.542239,85.690254
2593,84.90000153,84.80083
2596,85.30000305,85.041534
2597,84.80000305,84.89238
2598,84.59999847,84.45889
2599,84.59999847,84.81537
2603,84.80000305,84.72261
2609,84.19999695,84.322014
2610,84.90000153,84.8571
2622,85.5,86.03439
2624,85.59999847,86.04875
2628,85.80000305,85.77261
2634,85.59999847,85.53323
2637,84.59999847,84.50395
2638,84.69999695,85.2641
2651,85.59999847,85.6248
2654,85.09999847,85.57418
2656,85.59999847,85.58022
2659,86.0,86.292725
2660,86.19999695,86.33658
2665,87.09999847,87.48613
2668,87.5,87.740906
2671,87.69999695,87.742004
2673,86.5,86.6696
2674,86.40000153,86.22075
2677,86.30000305,86.43433
2679,86.5,86.53
2680,86.59999847,86.48012
2681,87.0,87.26865
2683,87.59999847,87.83227
2684,87.69999695,87.62483
2688,87.59999847,87.46113
2691,86.30000305,86.442566
2692,86.19999695,86.444565
2699,86.09999847,86.37082
2704,86.30000305,86.23004
2710,84.90000153,85.479645
2711,84.90000153,84.7755
2721,85.80000305,86.03312
2722,85.90000153,86.311455
2725,85.09999847,85.05901
2727,85.5,85.95552
2732,85.40000153,85.6148
2736,85.0,85.226364
2737,85.0,85.19359
2739,84.90000153,85.44077
2741,85.5,86.04397
2742,85.69999695,86.122154
2745,85.69999695,85.86634
2748,86.40000153,86.20963
2750,86.19999695,86.40291
2757,86.0,85.85547
2765,86.80000305,87.25026
2771,88.09999847,86.594086
2775,84.59999847,85.04169
2779,84.80000305,84.94658
2780,84.90000153,84.71378
2781,84.69999695,84.426636
2785,84.5,84.6307
2787,84.69999695,84.65466
2788,84.5,84.45989
2792,84.59999847,84.903435
2794,84.80000305,84.56528
2798,84.19999695,83.892
2800,84.30000305,84.34447
2801,84.19999695,83.84224
2803,84.30000305,83.83298
2807,83.80000305,83.66917
2809,84.0,84.420876
2814,84.40000153,84.21347
2816,84.0,83.9894
2820,83.30000305,83.49137
2822,83.40000153,83.357666
2825,83.69999695,84.06744
2827,83.80000305,84.10369
2832,83.80000305,83.620476
2835,83.40000153,83.83005
2837,83.30000305,83.45498
2842,84.09999847,84.13861
2844,84.09999847,84.00758
2845,82.90000153,82.51785
2852,87.59999847,87.167145
2855,83.19999695,83.149536
2863,83.59999847,83.78243
2864,83.5,83.84777
2874,83.69999695,83.79528
2878,84.09999847,83.881165
2880,83.90000153,84.002686
2881,83.80000305,83.98276
2882,84.0,83.77771
2885,83.90000153,83.6948
2886,83.69999695,83.693695
2893,83.30000305,83.68029
2896,83.69999695,83.58113
2897,83.59999847,84.03441
2901,83.90000153,83.91216
2903,84.09999847,84.45119
2906,84.80000305,84.64929
2910,85.19999695,85.03008
2912,85.40000153,85.42392
2922,84.09999847,84.41069
2927,83.69999695,83.95418
2928,83.80000305,84.21102
2934,83.90000153,84.07865
2935,83.5,83.854004
2937,83.69999695,83.85984
2941,84.0,84.36368
2945,84.90000153,84.8882
2947,85.19999695,85.14932
2950,84.80000305,85.071754
2953,84.5,84.68294
2956,84.0,84.25778
2957,83.69999695,84.255035
2960,84.30000305,84.458115
2961,84.09999847,84.3681
2963,84.40000153,84.28819
2964,84.5,84.68504
2968,85.0,84.81569
2969,85.09999847,85.20755
2970,85.09999847,84.96484
2974,84.90000153,84.885544
2977,84.80000305,85.10777
2978,85.09999847,85.46226
2979,85.40000153,85.59079
2981,85.59999847,85.72397
2982,83.69999695,83.721954
2987,84.59999847,84.66608
2988,84.69999695,85.1453
2989,84.90000153,85.23883
2992,84.80000305,84.93901
2993,84.80000305,84.792854
2996,84.90000153,84.9901
2997,84.69999695,84.91913
3001,84.5,84.272095
3004,85.0,84.671265
3011,85.30000305,85.391556
3012,85.80000305,85.646095
3015,85.40000153,85.34832
3024,86.19999695,86.09616
3031,86.09999847,85.94067
3033,85.90000153,85.509415
3041,85.0,84.72566
3045,84.19999695,84.15173
3047,84.0,83.85022
3049,84.40000153,84.39421
3052,84.80000305,84.57724
3057,84.19999695,84.181526
3058,84.0,83.90431
3062,84.80000305,84.789215
3068,85.30000305,84.79674
3070,85.69999695,85.336945
3072,85.5,85.36998
3077,85.19999695,85.61398
3082,85.5,85.35188
3084,85.40000153,85.20859
3085,85.59999847,85.333145
3087,85.19999695,85.06259
3089,85.0,84.57567
3091,85.0,85.16607
3094,85.19999695,85.12106
3095,84.90000153,84.89143
3096,84.90000153,85.17835
3102,87.59999847,87.516
3103,85.542239,85.84839
3105,85.542239,85.36202
3107,85.542239,85.48071
3108,85.542239,85.66295
3111,85.542239,85.51889
3115,84.5,84.12044
3122,83.69999695,83.87419
3123,84.0,83.79233
3127,83.59999847,83.697
3128,83.40000153,83.67468
3129,83.69999695,83.46211
3134,83.80000305,83.93525
3135,83.69999695,83.555664
3137,83.59999847,83.44475
3139,83.59999847,83.21741
3141,83.40000153,83.36663
3145,83.09999847,83.15564
3150,83.40000153,83.64412
3163,83.69999695,83.9093
3165,83.40000153,83.2885
3168,82.5,82.75789
3174,83.19999695,83.427666
3178,83.09999847,83.20497
3179,83.19999695,83.30144
3185,83.19999695,83.44528
3186,83.30000305,83.3858
3187,83.19999695,83.68579
3190,83.30000305,83.305534
3191,83.59999847,83.62634
3199,83.59999847,83.949104
3204,83.5,83.497375
3205,83.59999847,83.915474
3206,83.5,83.85372
3211,83.90000153,83.92018
3215,84.09999847,84.34253
3216,83.69999695,84.07656
3218,84.0,83.938995
3219,84.09999847,84.301384
3224,84.5,84.340256
3226,85.09999847,84.94565
3227,84.69999695,84.86073
3228,84.69999695,84.75554
3229,84.59999847,84.43446
3230,84.5,84.66886
3236,84.19999695,84.39965
3238,84.59999847,84.78825
3244,86.40000153,85.33992
3248,81.19999695,81.28601
3249,81.40000153,81.68042
3250,81.90000153,82.46434
3252,82.30000305,82.56393
3257,83.0,83.25856
3258,83.09999847,83.15924
3264,82.30000305,82.19992
3268,82.09999847,82.390785
3272,83.09999847,83.144585
3275,83.09999847,83.21332
3278,82.69999695,82.41911
3280,82.09999847,82.081345
3288,83.30000305,83.475266
3290,84.0,83.82196
3292,84.30000305,84.391335
3293,84.5,84.57045
3295,83.90000153,83.44533
3298,83.90000153,83.507324
3300,84.0,83.71725
3301,83.80000305,83.72231
3308,84.19999695,84.199234
3309,84.69999695,84.30768
3310,84.69999695,84.42642
3312,84.19999695,84.047516
3313,84.0,84.01344
3317,85.0,84.68325
3328,84.09999847,84.28398
3331,84.69999695,84.74471
3333,84.09999847,84.23477
3334,84.40000153,83.92286
3337,83.69999695,84.094246
3339,84.09999847,84.42192
3340,84.09999847,83.982216
3342,84.40000153,84.69423
3346,84.19999695,83.6829
3347,83.90000153,83.35222
3349,83.90000153,83.95443
3356,83.40000153,83.661736
3360,83.90000153,83.87417
3361,84.0,84.009384
3362,83.90000153,83.85457
3366,84.19999695,83.69106
3371,85.542239,85.16803
3372,85.542239,85.5284
3377,89.80000305,88.93405
3383,83.40000153,83.35017
3384,83.19999695,83.27002
3387,83.59999847,83.84845
3390,83.5,83.91486
3393,83.69999695,83.803825
3395,83.19999695,83.49953
3396,83.30000305,83.94313
3399,83.69999695,83.63046
3404,83.59999847,83.78416
3405,84.0,84.5252
3406,83.69999695,83.76041
3409,83.80000305,83.95624
3416,83.5,83.56906
3418,84.5,84.94571
3419,85.19999695,85.141495
3421,84.90000153,84.988556
3422,85.30000305,85.76301
3423,85.40000153,85.84204
3425,83.69999695,83.60516
3430,83.69999695,84.03145
3436,84.0,84.4301
3441,83.40000153,83.47272
3450,83.5,83.80184
3451,83.69999695,84.06935
3452,84.0,84.282455
3454,83.5,83.87489
3455,83.69999695,84.259384
3458,83.90000153,84.12529
3462,83.80000305,83.85838
3463,84.19999695,84.14085
3466,84.0,84.5958
3467,84.09999847,84.480286
3468,84.0,83.94855
3469,83.80000305,84.02244
3470,83.59999847,83.983376
3475,83.40000153,83.22557
3477,83.40000153,83.62622
3478,83.30000305,83.25731
3486,83.59999847,83.585464
3489,83.5,83.51817
3492,83.59999847,83.96996
3495,82.40000153,83.56406
3500,85.40000153,85.490204
3502,85.80000305,85.92511
3504,85.80000305,85.568245
3506,85.90000153,85.629745
3511,85.59999847,85.675354
3512,85.30000305,85.30055
3516,83.19999695,83.104004
3521,82.90000153,82.9503
3525,82.69999695,82.38681
3527,82.69999695,82.758064
3529,82.80000305,82.68504
3530,83.30000305,83.21694
3531,83.19999695,83.448586
3532,83.09999847,83.65707
3533,83.59999847,83.83516
3541,83.5,83.53497
3547,85.542239,88.80142
3548,87.09999847,86.13925
3549,86.0,85.23262
3550,85.59999847,85.16184
3555,84.19999695,84.03048
3556,83.90000153,83.96338
3560,83.30000305,83.246254
3561,83.40000153,83.37205
3562,82.80000305,83.0118
3574,83.09999847,83.396515
3575,83.30000305,83.3812
3576,83.19999695,83.01662
3577,83.19999695,83.36819
3579,83.40000153,83.250626
3582,83.59999847,83.7081
3588,83.19999695,83.203064
3589,83.19999695,82.92265
3591,83.80000305,83.74949
3592,84.0,84.05676
3593,84.0,84.236176
3599,84.40000153,84.26882
3604,84.90000153,84.9947
3606,84.80000305,84.57265
3607,84.69999695,84.75645
3612,83.09999847,82.98433
3621,85.542239,85.51526
3622,85.542239,85.50465
3624,89.40000153,88.22203
3627,84.5,83.71126
3632,84.09999847,84.05643
3642,84.0,83.84636
3644,84.09999847,84.420074
3649,84.19999695,84.156876
3659,83.80000305,83.973755
3661,83.59999847,83.445465
3665,83.19999695,83.35435
3668,83.59999847,84.09767
3670,84.09999847,84.19225
3674,84.30000305,83.82604
3676,84.09999847,84.54062
3686,84.19999695,84.26184
3692,83.90000153,83.784515
3693,83.80000305,84.282646
3695,83.90000153,84.18932
3702,83.69999695,83.93516
3703,84.0,83.93403
3704,84.0,83.91778
3707,84.09999847,84.37751
3713,84.30000305,84.32211
3715,83.69999695,84.10958
3718,85.0,84.89613
3720,85.09999847,84.975876
3721,85.30000305,85.23242
3722,85.40000153,85.539536
3727,85.19999695,85.13316
3732,85.30000305,85.24939
3734,85.0,85.12872
3741,83.69999695,84.1934
3742,84.19999695,84.59515
3745,84.80000305,85.03171
3746,84.69999695,84.5785
3748,84.69999695,84.723236
3751,84.09999847,84.306335
3762,83.40000153,83.72087
3764,83.59999847,83.53146
3767,83.09999847,83.556465
3770,83.19999695,83.24482
3772,83.09999847,82.97475
3773,83.40000153,83.85622
3778,84.5,84.45385
3781,84.0,84.37795
3792,84.90000153,85.37195
3793,85.09999847,85.79881
3794,85.09999847,85.061844
3796,85.09999847,85.19966
3797,85.0,84.930336
3799,85.19999695,85.40918
3802,85.0,85.628845
3808,85.40000153,85.75026
3811,85.40000153,84.75145
3816,85.59999847,85.96675
3817,87.0,87.06766
3818,87.09999847,87.12367
3819,86.80000305,86.76914
3821,85.542239,85.47634
3823,85.542239,85.63612
3832,84.40000153,84.14023
3834,84.19999695,84.43403
3836,84.40000153,84.579926
3843,84.90000153,85.05051
3845,84.80000305,84.60033
3846,83.80000305,84.19693
3854,83.40000153,83.35621
3859,82.09999847,82.3324
3863,82.69999695,82.767365
3867,81.80000305,82.78393
3868,82.09999847,82.124214
3869,81.69999695,82.159225
3871,81.69999695,81.52
3876,81.90000153,82.06894
3877,81.69999695,82.08586
3878,81.90000153,81.721085
3881,85.542239,85.37033
3886,84.30000305,84.50691
3892,86.90000153,86.87291
3893,86.90000153,87.01231
3897,86.59999847,86.82956
3898,86.69999695,86.859085
3901,87.19999695,87.415985
3902,87.30000305,87.207794
3911,86.19999695,85.9068
3912,86.09999847,86.249115
3915,86.0,85.78247
3917,85.59999847,85.424614
3918,85.30000305,85.500595
3920,85.69999695,85.54892
3922,85.5,85.722046
3929,84.40000153,84.67811
3934,84.80000305,85.00986
3938,84.40000153,84.38921
3940,84.40000153,84.45628
3945,84.40000153,84.73016
3946,84.5,84.5229
3949,84.80000305,85.086105
3952,85.0,85.15782
3958,84.0,84.22306
3961,84.19999695,84.54678
3962,84.5,84.532646
3963,84.80000305,85.06151
3966,85.30000305,85.350655
3967,85.30000305,85.60317
3968,85.40000153,85.410225
3969,85.69999695,85.91591
3971,85.90000153,85.7149
3973,85.40000153,85.886856
3979,84.19999695,84.61142
3983,84.5,83.980896
3984,84.40000153,84.811195
3985,84.0,84.345276
3988,84.59999847,84.75356
3995,84.0,84.27781
3997,83.80000305,83.613304
3999,83.30000305,83.72513
4005,82.90000153,83.22273
4010,83.0,83.47196
4020,83.30000305,83.744415
4023,83.5,83.462074
4037,81.80000305,81.899994
4039,82.30000305,83.177414
4042,82.90000153,82.52551
4043,82.69999695,82.87424
4044,82.69999695,83.064476
4047,83.09999847,83.06464
4049,82.40000153,82.672264
4051,83.09999847,83.2088
4054,88.0,85.55769
4057,85.542239,85.57248
4058,85.542239,85.458275
4062,83.0,83.28225
4073,82.40000153,82.87657
4078,82.5,82.25302
4080,82.69999695,83.02545
4081,82.80000305,82.73484
4082,82.5,82.57617
4090,83.40000153,83.22249
4093,83.19999695,82.97249
4094,83.09999847,82.71888
4099,83.09999847,82.809845
4108,83.19999695,83.72061
4112,83.19999695,83.20123
4113,83.40000153,83.58641
4116,83.19999695,83.390686
4119,82.59999847,82.6078
4122,82.59999847,82.95465
4124,83.19999695,83.1085
4146,82.59999847,82.41237
4147,82.40000153,82.561195
4150,82.19999695,82.29016
4151,82.09999847,82.17165
4154,84.19999695,84.45099
4158,89.0,88.59912
4161,86.19999695,86.81911
4163,82.69999695,82.5557
4165,82.5,82.48697
4173,83.19999695,83.22641
4176,83.0,83.00514
4177,82.5,82.82732
4180,82.59999847,82.850494
4181,82.40000153,83.04179
4182,82.40000153,83.17323
4186,82.59999847,82.5464
4187,82.40000153,82.801216
4190,82.59999847,82.626564
4192,82.80000305,82.95064
4199,82.90000153,82.890015
4205,83.09999847,83.38612
4206,83.19999695,83.33298
4207,83.69999695,83.76594
4210,83.5,83.41156
4212,83.59999847,83.79044
4215,83.5,83.43733
4217,83.59999847,83.8902
4223,83.69999695,83.9623
4224,83.40000153,83.78331
4227,83.69999695,83.76461
4229,83.30000305,83.64292
4239,84.0,83.79531
4242,84.30000305,84.21306
4243,84.19999695,84.19052
4246,84.0,83.688324
4248,83.69999695,84.10292
4253,83.0,83.624886
4259,82.40000153,82.54473
4260,82.5,82.24456
4262,82.59999847,83.07583
4263,83.09999847,83.550896
4264,83.30000305,83.441895
4267,83.40000153,83.48163
4268,83.59999847,83.88041
4272,83.69999695,83.91902
4274,84.0,83.92499
4280,84.19999695,84.33696
4289,82.80000305,82.66085
4292,83.0,83.41713
4295,83.69999695,83.99394
4300,85.542239,85.39227
4305,86.40000153,85.92415
4307,85.09999847,84.88153
4317,83.09999847,83.37903
4321,83.30000305,83.685356
4322,83.90000153,84.22685
4325,83.69999695,83.98082
4326,83.90000153,84.05492
4327,83.69999695,83.54968
4329,83.80000305,83.921265
4331,84.0,84.57647
4332,85.19999695,85.38156
4333,86.09999847,86.49313
4334,86.09999847,85.79584
4335,85.90000153,85.83156
4352,84.5,84.837456
4353,84.80000305,84.90275
4354,84.5,84.84988
4356,84.59999847,84.42979
4361,85.90000153,86.05252
4363,85.40000153,85.48134
4366,84.90000153,85.1299
4369,85.30000305,84.49162
4370,85.30000305,84.98428
4371,84.80000305,84.54013
4373,84.90000153,84.85202
4377,84.30000305,84.324646
4378,84.19999695,83.74547
4383,84.09999847,84.53438
4385,84.40000153,84.14173
4396,82.80000305,82.53052
4403,85.542239,85.32887
4409,85.542239,85.56633
4417,85.542239,85.84033
4419,85.542239,85.704056
4420,88.5,87.71164
4427,84.90000153,84.77272
4432,84.19999695,83.75789
4440,83.30000305,83.25607
4444,83.40000153,83.566414
4450,83.40000153,83.33893
4451,83.5,83.721924
4452,83.5,83.37704
4453,82.59999847,82.4969
4455,83.09999847,83.55609
4457,85.59999847,85.68037
4461,84.09999847,83.997314
4464,83.69999695,83.78619
4466,83.40000153,83.85006
4468,83.19999695,83.41403
4469,83.40000153,83.813545
4470,83.09999847,83.29982
4471,83.40000153,83.283585
4473,83.19999695,83.5357
4478,83.69999695,83.81932
4483,81.90000153,81.86792
4485,81.40000153,81.224655
4486,81.30000305,81.60643
4489,81.59999847,81.82204
4496,82.19999695,82.26962
4504,83.59999847,83.56024
4505,83.59999847,83.61203
4509,82.80000305,83.46284
4510,82.69999695,82.65355
4514,82.5,82.629456
4515,81.80000305,81.897804
4517,82.40000153,82.321976
4524,82.5,82.804596
4529,83.0,83.0853
4530,82.40000153,82.684975
4531,82.90000153,83.03532
4533,82.30000305,82.30159
4541,82.19999695,82.54341
4545,82.30000305,82.75997
4547,82.69999695,83.0138
4550,83.09999847,83.19124
4553,83.30000305,83.469574
4560,84.80000305,84.98506
4562,84.69999695,84.527214
4564,84.69999695,84.62027
4566,84.30000305,84.52038
4569,83.59999847,84.1566
4570,83.59999847,83.8226
4571,83.80000305,84.18445
4573,83.30000305,83.63078
4584,82.69999695,82.72785
4590,83.09999847,83.76364
4591,83.90000153,84.10152
4593,84.59999847,84.65063
4594,84.69999695,84.86361
4599,83.90000153,83.691765
4600,84.0,83.69721
4605,83.90000153,84.28114
4611,84.40000153,84.2937
4614,84.5,84.55487
4618,85.0,84.56934
4619,84.40000153,84.16327
4620,84.40000153,84.210365
4621,84.0,83.3581
4633,84.30000305,83.994965
4640,82.19999695,82.28061
4646,82.59999847,82.43893
4648,83.19999695,82.93803
4650,82.90000153,82.93585
4652,82.80000305,82.69716
4660,85.30000305,84.97673
4662,85.542239,85.58646
4666,85.542239,85.48045
4669,87.90000153,87.9125
4670,87.0,87.23045
4675,83.40000153,83.4787
4679,84.30000305,84.44206
4680,84.5,84.49673
4682,84.19999695,84.084915
4684,84.09999847,84.32457
4686,83.90000153,83.967
4689,83.90000153,83.97575
4690,84.0,84.41771
4693,84.09999847,83.796616
4698,83.09999847,83.29161
4702,82.69999695,82.75098
4704,83.19999695,83.58532
4712,83.40000153,83.66112
4714,83.40000153,83.8188
4720,83.59999847,83.932465
4722,84.40000153,84.546486
4723,83.90000153,84.28228
4728,84.0,84.07664
4729,83.40000153,83.95139
4733,83.0,83.43094
4735,83.40000153,83.63201
4736,83.40000153,83.94376
4738,83.90000153,84.20889
4739,83.80000305,83.92047
4745,83.30000305,83.56189
4746,83.40000153,83.55573
4748,83.59999847,83.537
4751,83.90000153,83.90715
4754,83.59999847,83.76064
4756,83.90000153,84.20205
4765,83.90000153,83.95529
4767,84.40000153,84.09369
4768,84.19999695,84.5253
4776,82.80000305,83.35307
4781,83.30000305,83.757675
4783,83.5,83.37564
4784,83.09999847,83.65591
4788,82.90000153,83.1475
4789,83.19999695,83.1953
4790,83.19999695,83.28501
4791,83.19999695,83.46915
4793,83.09999847,83.40292
4796,83.80000305,84.2738
4801,84.40000153,84.26147
4803,83.90000153,84.20728
4810,82.69999695,83.18365
4811,82.80000305,83.41322
4814,83.0,82.96342
4815,83.30000305,83.54115
4819,82.80000305,82.93907
4820,82.90000153,83.0468
4822,82.69999695,83.22343
4825,83.5,83.67397
4829,83.69999695,84.02481
4835,83.80000305,83.563644
4838,83.30000305,83.3707
4839,83.59999847,83.87436
4843,83.90000153,83.658226
4844,83.90000153,84.15822
4845,84.09999847,84.32062
4850,83.59999847,83.25316
4851,83.59999847,84.054565
4854,83.90000153,83.98892
4859,84.09999847,83.97208
4862,83.80000305,83.73967
4863,84.09999847,83.798965
4867,84.09999847,84.27006
4868,83.59999847,83.13155
4870,83.59999847,83.7741
4875,84.19999695,84.215225
4876,83.69999695,83.83654
4877,83.80000305,83.92859
4878,83.80000305,84.42493
4879,84.30000305,84.49303
4882,84.0,84.32591
4883,84.19999695,84.25737
4885,84.0,83.90772
4888,84.0,83.84615
4889,84.09999847,83.88881
4893,84.19999695,84.360855
4903,83.19999695,83.51219
4909,83.59999847,83.85915
4914,83.59999847,83.662415
4916,83.80000305,83.66939
4922,83.59999847,83.43964
4926,82.90000153,82.69373
4928,82.80000305,83.00678
4930,82.40000153,82.57655
4932,82.30000305,82.651276
4933,82.59999847,82.64458
4935,85.542239,85.45294
4939,85.542239,85.42229
4940,85.542239,85.55276
4949,85.09999847,85.45019
4950,85.40000153,85.66664
4952,85.30000305,86.07036
4961,86.0,86.54183
4966,85.59999847,85.14039
4970,85.0,85.33038
4971,85.09999847,85.06236
4973,85.30000305,85.56613
4980,85.09999847,85.1366
4983,85.09999847,85.33313
4984,85.19999695,85.497826
4985,85.0,85.111046
4989,84.5,84.63486
4990,84.59999847,85.0625
4996,84.30000305,84.28835
4997,84.30000305,84.695984
4998,84.30000305,84.75986
5000,84.30000305,84.74249
5005,84.90000153,84.70554
5008,85.0,85.022156
5009,84.69999695,85.02385
5011,84.69999695,85.14407
5012,85.09999847,85.01151
5015,85.5,85.771194
5016,85.09999847,85.03256
5017,85.09999847,84.97364
5020,85.0,85.00764
5021,85.09999847,84.95161
5024,85.0,84.71799
5026,85.09999847,85.07262
5027,84.69999695,85.06454
5028,84.40000153,84.5056
5037,84.59999847,84.66124
5039,84.09999847,84.421074
5041,84.30000305,84.9624
5042,84.59999847,84.55467
5043,84.40000153,84.82674
5046,85.30000305,85.39065
5051,85.59999847,85.83089
5059,85.30000305,85.31937
5060,85.09999847,84.98832
5066,84.69999695,84.90607
5070,85.542239,85.39848
5072,85.542239,85.62781
5074,85.19999695,84.716835
5084,84.5,84.5981
5085,84.5,84.64234
5088,84.30000305,84.634445
5089,84.59999847,84.80128
5096,84.09999847,84.42705
5100,83.80000305,84.09451
5102,84.0,84.25163
5103,83.80000305,83.84967
5104,84.09999847,84.39488
5106,84.40000153,84.785255
5113,84.19999695,84.02565
5116,84.09999847,84.15338
5117,83.90000153,84.01058
5123,84.0,84.3029
5127,83.80000305,83.7384
5130,84.19999695,84.16069
5131,84.59999847,84.53691
5132,84.5,84.52655
5137,84.30000305,83.95713
5142,84.09999847,83.953415
5144,83.59999847,84.07724
5145,83.80000305,84.19653
5146,83.80000305,83.92845
5149,83.59999847,83.618454
5154,83.59999847,83.97304
5156,83.69999695,83.81145
5162,83.80000305,83.954994
5169,84.0,83.80951
5177,83.59999847,83.64974
5181,83.30000305,84.09514
5182,84.09999847,84.53498
5184,83.5,83.42488
5190,86.5,84.52784
5192,88.80000305,89.07249
5195,85.59999847,85.99223
5196,86.0,86.15584
5197,86.0,85.986786
5199,85.80000305,85.967186
5202,86.19999695,86.15401
5203,86.40000153,86.385445
5208,86.80000305,86.69791
5209,86.5,86.76636
5213,87.19999695,87.12394
5217,86.59999847,86.521545
5219,86.40000153,86.59435
5222,86.09999847,86.24565
5223,86.09999847,86.47836
5230,85.69999695,86.040054
5234,85.90000153,86.28129
5236,85.90000153,86.17079
5238,85.80000305,85.971306
5239,85.69999695,85.78181
5240,86.09999847,86.34657
5241,86.09999847,86.36155
5245,85.90000153,86.36958
5246,85.90000153,86.000175
5247,85.90000153,85.86049
5249,86.19999695,86.32541
5250,86.09999847,85.96741
5251,86.30000305,86.565475
5259,86.69999695,87.00297
5262,86.69999695,86.63723
5263,86.59999847,86.41635
5264,86.69999695,87.374
5265,86.59999847,86.60488
5269,86.0,86.33688
5272,86.09999847,86.474686
5277,86.5,86.6764
5288,86.80000305,87.027214
5289,86.80000305,87.01355
5290,86.80000305,87.1325
5294,87.5,87.474434
5298,86.59999847,86.792786
5302,86.90000153,86.99968
5305,85.59999847,85.35243
5308,85.0,86.39938
5309,85.542239,85.4792
5310,87.90000153,86.840065
5311,84.09999847,83.62518
5312,83.0,83.474594
5321,83.09999847,83.7758
5323,83.5,83.70711
5327,84.5,84.66664
5328,84.30000305,84.61518
5330,84.09999847,84.04921
5331,83.59999847,83.90698
5332,84.0,84.60396
5336,82.69999695,82.86288
5339,82.59999847,82.589005
5343,82.80000305,82.67345
5345,82.5,83.04286
5346,82.40000153,83.03287
5347,82.5,82.34981
5349,82.5,83.065765
5351,83.30000305,83.166275
5353,82.90000153,83.32339
5368,84.30000305,84.33497
5370,84.40000153,84.76251
5374,84.59999847,84.29511
5376,84.59999847,84.90831
5379,83.0,83.074165
5382,83.5,83.47063
5383,83.69999695,83.789474
5388,83.30000305,83.27762
5390,82.5,82.63492
5391,82.40000153,82.5901
5393,82.80000305,82.689835
5394,83.09999847,83.2263
5400,82.90000153,82.86636
5402,82.40000153,82.507935
5405,83.0,82.967445
5410,82.59999847,83.04712
5411,83.09999847,82.799835
5414,82.80000305,82.98485
5418,83.0,82.81281
5427,83.59999847,83.470505
5430,82.69999695,83.14107
5434,83.0,83.67815
5435,85.90000153,86.25331
5440,85.542239,85.652115
5442,85.542239,85.70233
5444,88.90000153,88.58011
5446,87.09999847,87.148254
5465,83.90000153,84.05002
5469,83.5,83.74196
5471,83.19999695,83.23608
5478,84.0,83.99982
5479,84.0,84.00354
5484,84.40000153,84.833954
5487,83.69999695,83.74588
5491,83.90000153,84.117744
5497,85.0,85.11018
5503,85.0,85.01784
5509,85.5,85.70436
5511,85.40000153,85.156525
5516,84.90000153,84.862465
5517,85.19999695,85.11488
5520,84.69999695,84.76909
5522,84.90000153,85.2144
5524,84.90000153,84.717224
5531,85.30000305,85.38818
5533,85.19999695,85.34064
5534,85.30000305,84.99382
5535,85.19999695,85.1578
5537,84.5,84.66377
5538,84.59999847,84.52439
5539,84.59999847,84.94718
5549,84.59999847,84.31253
5550,84.59999847,84.5934
5551,85.09999847,84.81932
5558,85.0,84.85722
5572,84.90000153,85.28485
5574,83.40000153,83.54779
5576,84.40000153,84.4274
5580,84.69999695,84.50578
5593,82.80000305,82.71313
5594,82.80000305,82.68988
5596,82.80000305,82.81706
5597,82.80000305,82.80361
5598,83.19999695,83.417816
5600,83.5,83.7487
5604,83.69999695,83.81287
5610,83.59999847,84.02681
5612,84.0,84.224335
5616,83.69999695,84.2073
5618,83.80000305,84.075935
5620,83.40000153,83.49611
5626,84.09999847,83.86239
5627,83.80000305,84.07654
5630,84.0,84.065186
5637,83.40000153,83.39399
5638,83.30000305,83.37529
5641,83.40000153,83.49301
5652,83.19999695,83.1167
5661,83.69999695,83.76695
5662,83.40000153,83.14931
5666,83.80000305,83.40369
5671,84.0,84.44035
5672,84.09999847,84.11425
5673,83.90000153,84.05917
5674,84.19999695,84.09712
5675,84.0,84.22058
5679,84.0,83.472626
5681,83.69999695,83.729034
5683,83.40000153,83.335724
5684,83.80000305,83.77809
5691,84.19999695,84.21977
5695,82.90000153,82.01846
5696,83.59999847,84.20189
5701,85.542239,85.42009
5703,85.09999847,85.905045
5708,85.542239,85.39694
5709,89.69999695,86.86095
5713,84.30000305,84.08211
5714,84.0,84.16505
5715,84.30000305,84.11232
5718,83.80000305,84.225266
5719,84.0,84.274284
5723,83.5,83.873665
5726,83.69999695,83.51146
5727,83.59999847,83.85083
5729,83.69999695,83.47595
5734,83.90000153,84.46718
5735,83.90000153,84.120415
5736,83.69999695,83.70845
5746,84.19999695,84.382
5748,84.19999695,84.35137
5749,84.0,84.3537
5751,84.19999695,84.42346
5752,84.30000305,84.34283
5763,85.59999847,85.775154
5769,85.0,84.28078
5774,84.0,84.01822
5778,83.59999847,83.743416
5779,84.09999847,84.09363
5781,84.19999695,84.15714
5785,84.0,83.9237
5789,83.40000153,83.24362
5791,83.80000305,83.98301
5795,84.09999847,84.207924
5801,85.542239,85.58745
5802,85.542239,88.910614
5812,83.09999847,83.296936
5819,83.80000305,83.99934
5823,83.59999847,83.8077
5829,83.5,83.89636
5830,83.59999847,83.89108
5834,83.59999847,83.81055
5837,83.80000305,83.701775
5839,83.69999695,83.9138
5846,83.90000153,83.83185
5851,83.59999847,83.370026
5854,83.5,83.73698
5869,83.69999695,83.982124
5870,83.40000153,83.310104
5871,83.59999847,83.80028
5874,83.40000153,83.53578
5876,83.30000305,83.17679
5878,83.19999695,83.44939
5881,83.19999695,83.290276
5884,83.30000305,83.57161
5887,83.80000305,83.67706
5896,84.0,83.89105
5898,84.09999847,84.12028
5902,84.30000305,84.09459
5908,84.5,84.26087
5912,84.5,84.146515
5913,84.40000153,83.86739
5918,84.30000305,84.50779
5930,86.80000305,86.529015
5936,86.69999695,86.23163
5940,87.09999847,87.37685
5944,87.0,86.72704
5945,86.90000153,86.65844
5947,87.30000305,87.26464
5954,87.0,86.66054
5955,86.5,86.38922
5956,86.30000305,86.35102
5958,86.5,86.42369
5959,86.90000153,87.04063
5960,86.69999695,86.114426
5966,86.80000305,86.85873
5974,85.90000153,85.949844
5985,85.59999847,85.47926
5993,86.59999847,86.480865
5994,86.40000153,86.28786
5995,86.90000153,86.84195
5999,86.59999847,86.719376
6000,87.19999695,86.90495
6001,87.09999847,87.08653
6004,87.0,87.008896
6007,86.80000305,87.08395
6008,87.40000153,87.42813
6011,87.30000305,87.294205
6013,87.19999695,87.24507
6015,87.09999847,86.77399
6021,87.59999847,87.61469
6026,87.5,87.83452
6029,87.90000153,87.827194
6034,86.90000153,87.0678
6036,87.19999695,87.16266
6037,87.19999695,87.56912
6040,87.80000305,87.766235
6051,86.0,86.31088
6055,86.90000153,86.55214
6056,86.69999695,86.656586
6064,87.09999847,87.16637
6066,87.09999847,86.279175
6072,85.80000305,86.028625
6074,86.59999847,87.78037
6076,85.542239,85.55397
6081,85.19999695,85.15779
6089,83.69999695,83.917885
6090,83.30000305,83.51795
6091,82.90000153,83.078316
6093,82.80000305,82.96105
6094,82.69999695,82.9572
6096,83.0,83.39276
6097,82.90000153,82.69475
6100,83.09999847,83.064156
6102,83.0,83.125244
6103,82.69999695,82.57083
6110,82.40000153,82.25032
6112,82.19999695,82.233505
6115,82.40000153,81.85896
6117,82.09999847,82.08612
6118,81.80000305,81.51387
6119,81.90000153,81.93699
6120,81.90000153,82.36279
6124,81.80000305,82.262665
6127,81.59999847,81.81481
6128,81.59999847,81.658295
6130,82.0,82.20801
6142,82.40000153,82.2529
6149,82.0,82.65468
6151,82.0,82.067604
6159,81.59999847,81.81053
6160,81.69999695,81.79081
6167,81.80000305,82.00757
6172,82.0,82.36783
6173,82.0,82.10592
6175,82.19999695,82.24509
6176,82.30000305,82.295044
6177,81.59999847,81.33591
6180,80.40000153,85.45335
6181,80.69999695,80.84297
6182,85.542239,85.6653
6185,85.542239,85.448494
6186,85.542239,85.44612
6187,85.542239,85.49811
6188,85.542239,85.57644
6194,84.30000305,84.38279
6195,84.09999847,83.920975
6211,81.40000153,82.04764
6212,81.80000305,81.944016
6213,81.59999847,81.876175
6216,81.5,81.945435
6218,81.30000305,81.99548
6222,80.90000153,81.493355
6229,81.09999847,81.88246
6231,81.30000305,82.14462
6232,81.59999847,82.28606
6234,81.30000305,81.36563
6235,80.59999847,80.983734
6237,81.0,81.15758
6238,80.69999695,81.14493
6240,81.09999847,81.4422
6241,80.69999695,81.49116
6242,80.80000305,81.01875
6243,81.09999847,81.295746
6245,80.59999847,80.866684
6246,80.59999847,81.026306
6250,81.09999847,81.25232
6251,81.30000305,81.51181
6253,81.69999695,82.15849
6255,81.59999847,81.46773
6257,81.0,81.69408
6262,80.80000305,81.48352
6265,81.0,81.239555
6267,80.80000305,81.34098
6269,80.80000305,81.4386
6273,81.5,82.016685
6276,82.59999847,82.895325
6280,82.09999847,82.16675
6282,81.40000153,81.70586
6286,81.90000153,82.53493
6299,83.59999847,83.87217
6306,85.542239,85.62862
6309,85.542239,85.57812
6310,86.40000153,85.53913
6318,82.69999695,82.87311
6324,82.59999847,82.7744
6325,82.5,82.84074
6331,82.69999695,82.816956
6334,82.5,82.8054
6337,82.80000305,82.98103
6341,82.19999695,82.81877
6344,82.19999695,82.54931
6345,82.0,82.06038
6347,82.30000305,82.62032
6348,81.90000153,81.93367
6356,81.80000305,82.28998
6359,82.0,82.23072
6362,82.0,82.290924
6363,82.80000305,83.2448
6364,82.40000153,82.77817
6369,83.30000305,83.59302
6373,84.0,84.17146
6382,84.30000305,84.70613
6385,84.40000153,84.07167
6388,84.40000153,84.76474
6395,84.19999695,84.30672
6400,83.80000305,83.95334
6401,84.0,83.94832
6405,83.80000305,83.27135
6407,83.59999847,83.65332
6410,82.80000305,82.491714
6417,82.80000305,83.09101
6421,82.69999695,82.70131
6424,81.90000153,81.95123
6429,82.69999695,82.70261
6430,82.69999695,82.90553
6431,82.69999695,83.04323
6432,82.80000305,82.53243
6437,82.59999847,82.21744
6438,82.5,82.8194
6445,82.5,82.376434
6447,82.80000305,82.76928
6448,83.0,82.83754
6449,83.0,83.24548
6457,88.90000153,87.571106
6460,85.90000153,86.15455
6462,85.30000305,85.10547
6463,84.59999847,84.8622
6467,85.30000305,85.4698
6471,85.90000153,86.02389
6482,85.0,84.965164
6489,86.0,85.77042
6490,85.90000153,85.64716
6494,84.5,84.377426
6498,83.80000305,84.31113
6504,83.90000153,83.984245
6506,84.09999847,84.02069
6508,83.69999695,84.11026
6509,83.80000305,84.09714
6513,83.30000305,83.43381
6514,83.09999847,83.86537
6515,84.0,84.28853
6516,83.90000153,84.057236
6517,84.19999695,84.73931
6521,84.69999695,85.1512
6527,84.19999695,83.95706
6532,84.09999847,84.228264
6534,83.90000153,84.1301
6537,84.5,84.67177
6538,84.59999847,84.56666
6540,84.40000153,84.387184
6545,84.30000305,84.736984
6548,85.19999695,85.54994
6555,84.90000153,85.06697
6557,84.5,84.87384
6558,84.69999695,84.86693
6559,84.90000153,84.614105
6564,85.90000153,86.29341
6566,86.09999847,86.01166
6567,85.5,85.53647
6569,84.0,83.98859
6570,84.0,84.21486
6572,84.09999847,84.25911
6573,84.0,84.27284
6583,85.542239,85.529495
6584,85.542239,85.7677
6587,85.542239,85.52722
6588,89.69999695,88.751724
6592,83.90000153,83.676895
6594,83.40000153,83.679405
6598,83.0,83.04621
6599,82.80000305,83.26196
6613,82.09999847,82.24986
6624,83.30000305,83.42218
6626,83.19999695,83.09026
6634,82.09999847,82.12604
6641,83.09999847,83.58543
6642,83.59999847,83.5711
6644,83.5,83.30202
6650,83.5,82.998375
6653,83.40000153,83.45775
6654,83.40000153,83.42961
6656,83.59999847,84.070496
6657,83.30000305,83.79274
6660,83.90000153,83.74121
6662,83.5,83.67134
6663,83.30000305,83.00916
6666,83.0,83.07153
6668,82.90000153,83.2152
6675,83.0,83.02722
6679,82.90000153,82.74405
6684,85.542239,85.60498
6687,85.542239,85.618256
6695,86.90000153,86.660416
6702,88.09999847,88.05377
6703,88.40000153,88.27202
6704,88.40000153,87.78273
6708,87.40000153,87.04666
6709,87.59999847,87.38762
6716,87.09999847,87.185326
6720,87.40000153,87.26492
6723,87.09999847,87.08352
6724,87.19999695,87.25438
6728,86.69999695,86.74986
6729,86.69999695,86.81756
6732,86.40000153,86.23793
6735,86.59999847,86.484314
6738,86.19999695,86.233086
6741,86.5,86.67813
6742,86.80000305,86.498924
6743,87.0,86.53772
6744,87.30000305,87.139786
6758,87.19999695,86.85454
6761,87.40000153,87.20082
6763,87.09999847,86.95616
6767,87.19999695,87.031624
6769,87.40000153,86.92722
6770,87.30000305,87.39889
6772,87.69999695,87.54028
6773,88.0,87.8681
6779,88.0,87.491165
6781,87.5,86.97514
6786,87.30000305,87.0623
6790,87.69999695,87.514984
6793,87.5,87.96304
6797,87.80000305,87.63906
6799,88.0,87.604065
6801,87.59999847,87.54263
6806,87.80000305,87.772964
6809,88.09999847,88.274796
6811,88.30000305,88.448746
6813,87.90000153,87.34529
6815,87.69999695,87.68552
6816,87.80000305,87.991554
6817,87.5,87.570755
6818,87.40000153,87.22766
6819,87.30000305,87.298096
6822,87.40000153,87.34707
6824,87.69999695,87.23077
6826,87.69999695,87.65284
6827,87.80000305,88.074104
6831,88.30000305,88.39232
6833,88.30000305,87.88916
6834,88.30000305,87.72183
6835,88.09999847,87.351425
6838,87.09999847,87.061295
6844,86.90000153,86.596146
6845,86.69999695,87.12976
6852,86.80000305,87.02292
6854,86.90000153,86.52684
6862,87.0,86.74698
6868,85.5,85.5448
6869,85.09999847,85.25754
6870,85.0,84.97641
6874,84.40000153,84.51857
6885,85.0,84.87393
6895,84.5,84.819336
6899,84.59999847,84.13864
6905,84.0,83.81595
6910,83.69999695,83.47013
6911,83.59999847,83.60542
6915,83.30000305,83.61313
6921,84.09999847,84.24771
6922,84.09999847,83.95257
6926,84.80000305,84.53027
6927,84.0,83.94365
6930,85.542239,85.49223
6932,85.542239,85.609344
6936,87.90000153,86.800064
6941,86.80000305,86.366196
6947,86.80000305,86.78058
6949,86.80000305,86.25375
6950,84.80000305,84.43567
6951,84.30000305,83.863464
6956,83.5,83.60335
6957,83.19999695,83.30478
6959,82.90000153,82.75857
6962,83.09999847,83.05879
6979,84.19999695,84.25043
6980,84.19999695,84.27284
6985,84.59999847,84.54208
6990,86.30000305,86.58179
6991,86.80000305,86.82008
6992,87.59999847,87.75537
6995,86.69999695,86.44723
6996,85.80000305,85.72467
7000,84.59999847,84.910904
7007,85.80000305,85.65792
7008,85.90000153,85.61426
7011,85.90000153,86.32099
7012,86.09999847,86.39606
7013,86.80000305,86.55566
7018,85.80000305,85.92334
7021,85.80000305,85.90823
7026,84.90000153,85.01457
7033,85.30000305,85.011826
7034,85.0,85.18697
7036,84.90000153,85.07152
7047,86.19999695,86.88451
7063,85.80000305,85.725426
7073,87.0,86.85926
7075,86.69999695,86.54495
7078,86.80000305,86.83381
7083,86.40000153,86.55917
7087,87.09999847,87.16067
7096,86.59999847,86.881714
7098,86.5,86.5795
7102,87.19999695,86.927315
7108,86.40000153,86.53294
7110,86.69999695,86.39078
7111,86.59999847,86.50724
7114,87.19999695,87.11711
7116,87.0,86.61885
7120,86.80000305,86.90746
7124,86.90000153,86.98717
7125,87.09999847,87.53168
7128,86.90000153,87.027466
7130,86.80000305,86.59509
7132,86.69999695,86.44483
7137,85.40000153,85.57528
7138,84.69999695,84.805954
7140,84.5,84.32649
7144,84.69999695,85.063995
7147,84.40000153,84.43621
7148,84.69999695,84.802185
7152,84.19999695,84.19711
7155,83.80000305,84.43651
7156,84.5,84.63992
7160,84.30000305,84.48784
7162,84.0,84.72536
7163,83.90000153,84.47123
7164,84.19999695,84.29425
7172,83.90000153,83.69327
7173,84.0,83.8788
7176,84.0,83.872894
7179,84.59999847,84.70124
7185,84.0,84.09888
7189,84.30000305,84.24939
7193,85.542239,85.425476
7194,85.542239,85.38425
7197,85.542239,89.140976
7200,87.90000153,87.996
7202,87.5,87.5609
7204,87.40000153,87.56384
7206,87.59999847,87.81376
7207,86.69999695,86.607506
7208,86.30000305,86.49162
7209,86.59999847,86.620514
7210,86.59999847,86.29384
7211,86.09999847,86.44329
7213,86.40000153,86.44258
7217,85.80000305,85.61577
7221,85.69999695,85.51008
7228,85.69999695,86.17072
7232,85.09999847,84.95401
7233,85.09999847,85.02791
7234,85.0,85.208336
7239,84.59999847,85.1173
7246,84.30000305,84.58719
7250,84.5,85.108864
7255,85.19999695,85.53018
7257,85.0,85.00586
7263,84.69999695,85.12326
7268,84.90000153,84.94756
7271,84.5,85.257195
7278,85.19999695,84.90048
7282,84.69999695,84.868065
7288,85.30000305,85.44241
7295,85.542239,85.81161
7296,85.542239,85.67602
7299,88.40000153,87.58618
7300,86.40000153,85.7818
7303,85.09999847,85.43887
7307,84.59999847,85.17825
7315,84.69999695,84.79314
7316,84.5,84.71031
7318,84.09999847,84.432465
7319,84.19999695,84.19805
7320,84.09999847,83.94638
7322,83.5,83.85742
7326,83.80000305,83.83041
7332,83.90000153,84.15015
7334,84.0,84.416626
7335,83.80000305,84.5116
7338,84.09999847,83.97783
7339,84.09999847,84.351204
7340,83.90000153,83.86891
7355,84.69999695,84.74251
7359,84.69999695,84.764084
7363,84.80000305,85.08101
7365,85.0,85.11865
7370,85.09999847,85.219955
7371,85.0,85.25023
7373,85.59999847,85.41533
7374,85.30000305,85.5322
7377,85.40000153,85.97401
7379,86.0,86.139694
7385,85.90000153,86.14096
7387,85.40000153,85.695755
7391,85.0,84.84705
7392,84.90000153,85.14604
7393,85.19999695,85.61312
7396,84.90000153,84.7484
7399,84.90000153,85.22322
7406,85.542239,85.41658
7410,89.90000153,88.6949
7413,86.40000153,86.4968
7414,86.90000153,86.69133
7421,86.30000305,86.330956
7426,84.59999847,84.44962
7427,84.5,84.57617
7428,84.40000153,84.27192
7429,84.40000153,84.36897
7432,84.19999695,83.97511
7434,83.90000153,84.39227
7437,83.40000153,83.593475
7441,83.30000305,83.61824
7444,83.59999847,83.95987
7445,83.09999847,83.41005
7447,83.69999695,83.832184
7452,84.0,83.93663
7454,84.40000153,84.39761
7456,84.40000153,84.31831
7458,84.80000305,85.00502
7459,85.0,84.917175
7461,84.90000153,84.66311
7462,85.19999695,85.055885
7463,85.09999847,84.97899
7464,84.90000153,84.90145
7468,84.30000305,84.3222
7469,84.40000153,84.93416
7478,84.90000153,85.02188
7480,85.09999847,85.02605
7484,84.80000305,85.16593
7485,84.80000305,84.60565
7486,84.90000153,85.187
7493,84.80000305,84.9734
7494,84.80000305,85.309044
7498,84.59999847,84.60087
7499,84.80000305,84.63771
7500,84.5,84.680084
7505,85.19999695,85.45125
7509,85.09999847,84.877106
7514,85.09999847,85.33597
7515,85.0,85.42058
7517,84.80000305,84.89807
7521,84.80000305,84.85936
7522,84.69999695,85.04983
7524,85.542239,85.880844
7526,89.5,88.49176
7528,83.30000305,83.22058
7531,83.30000305,83.62047
7533,83.69999695,83.874695
7543,83.90000153,84.35532
7547,83.80000305,83.96158
7548,84.19999695,84.2301
7555,84.40000153,84.23952
7557,83.80000305,84.00398
7560,81.59999847,81.75455
7573,80.90000153,81.37154
7579,85.542239,85.662994
7581,81.5,83.01158
7590,82.69999695,82.53349
7592,83.30000305,83.308334
7594,84.30000305,83.77679
7595,84.19999695,83.84926
7596,84.30000305,84.1057
7599,84.69999695,84.79468
7600,85.09999847,85.20203
7601,84.59999847,84.47496
7608,84.0,84.10974
7615,84.19999695,84.40422
7623,84.09999847,83.78051
7627,83.90000153,84.39099
7629,84.0,83.45994
7631,83.5,83.970795
7632,83.5,84.04918
7638,84.5,84.553856
7640,83.69999695,84.0765
7641,83.90000153,83.99023
7644,84.80000305,84.81257
7647,84.90000153,85.12215
7651,85.0,85.19406
7652,85.40000153,84.94053
7658,85.80000305,85.61642
7659,85.30000305,85.18562
7661,85.30000305,85.54277
7665,86.19999695,86.03524
7666,86.40000153,85.88447
7670,85.80000305,85.49402
7671,85.59999847,85.2079
7676,84.5,84.27103
7684,84.40000153,84.18445
7687,84.59999847,84.11554
7692,84.59999847,84.4805
7696,84.0,84.09642
7697,83.90000153,83.67017
7704,85.542239,85.53343
7708,89.90000153,85.579506
7713,85.0,85.16089
7717,84.09999847,84.25308
7719,84.30000305,84.41904
7726,84.90000153,84.868164
7728,84.90000153,85.04906
7734,85.09999847,84.84535
7736,85.19999695,85.06706
7738,85.09999847,85.31324
7742,84.80000305,84.96306
7743,84.5,84.34305
7744,84.69999695,84.48121
7748,84.40000153,84.62352
7751,84.69999695,84.64421
7752,84.69999695,84.874054
7758,85.0,85.32459
7762,85.30000305,85.619354
7764,84.59999847,84.81886
7768,84.69999695,84.93923
7769,84.80000305,84.66484
7771,84.69999695,85.143295
7774,84.80000305,84.93416
7775,84.59999847,84.99669
7777,84.59999847,84.58807
7780,84.80000305,84.88541
7781,84.59999847,84.864525
7782,84.69999695,84.49205
7784,84.40000153,84.40271
7788,84.40000153,84.46902
7789,84.5,84.98165
7791,84.5,84.590744
7794,84.30000305,84.3882
7802,84.30000305,84.408104
7812,84.90000153,85.21567
7816,84.69999695,84.68337
7817,84.69999695,84.67605
7820,84.19999695,84.193924
7824,85.09999847,85.0499
7828,84.80000305,84.88495
7830,85.19999695,85.34138
7831,85.09999847,85.05903
7833,85.19999695,85.201935
7837,85.19999695,85.40867
7844,85.19999695,85.17424
7845,85.69999695,85.42254
7846,85.542239,85.494225
7853,86.19999695,85.79551
7858,84.59999847,84.46889
7866,84.90000153,84.690285
7869,85.0,85.01448
7871,84.5,84.64616
7874,83.5,83.56868
7877,83.09999847,83.351944
7878,83.0,82.98483
7879,82.59999847,82.815796
7883,83.40000153,83.50494
7888,82.90000153,82.741005
7891,83.40000153,83.668
7893,83.0,82.979675
7895,83.0,83.41839
7909,83.80000305,83.76645
7910,83.40000153,83.4518
7915,83.69999695,84.1224
7916,83.90000153,84.107574
7922,83.80000305,83.91695
7930,84.5,84.24822
7931,84.40000153,84.05155
7932,84.69999695,84.58113
7934,84.90000153,85.21059
7935,84.59999847,84.29366
7936,84.69999695,84.72573
7939,85.19999695,85.11276
7942,84.69999695,84.583626
7949,84.5,84.31819
7951,84.30000305,84.29368
7954,83.09999847,83.46722
7957,84.19999695,84.42761
7962,84.19999695,84.31556
7963,84.09999847,84.14334
7964,84.09999847,84.1976
7966,84.19999695,84.16463
7970,83.40000153,83.70629
7971,84.30000305,84.157906
7978,83.80000305,84.17453
7979,84.0,84.19252
7981,84.09999847,83.905396
7987,84.80000305,84.85845
7992,85.09999847,85.40338
7997,85.19999695,85.42828
7998,85.30000305,85.84914
8002,85.19999695,85.08321
8004,86.5,86.88019
8007,86.80000305,87.296936
8008,86.19999695,86.34489
8010,84.90000153,85.172775
8015,84.40000153,84.548065
8019,85.5,86.20055
8020,85.80000305,85.99205
8021,85.40000153,85.784325
8025,85.30000305,85.55715
8030,85.40000153,85.12312
8032,85.09999847,85.201675
8033,85.09999847,85.35133
8035,85.5,85.51128
8039,86.09999847,86.15633
8043,86.30000305,86.24619
8045,86.19999695,86.08502
8047,86.40000153,86.25029
8048,86.40000153,86.50325
8053,86.30000305,86.20297
8054,86.30000305,86.00789
8058,86.30000305,86.2236
8059,86.40000153,86.1685
8061,86.69999695,86.67532
8063,86.09999847,86.051605
8067,86.09999847,85.900826
8071,86.09999847,85.66145
8075,86.09999847,86.440506
8084,84.80000305,84.96441
8086,85.19999695,85.227455
8087,85.5,85.398865
8091,84.09999847,84.53525
8092,84.09999847,84.312195
8093,84.69999695,84.61764
8095,84.5,84.83202
8096,84.80000305,84.97916
8106,86.30000305,86.38369
8116,84.40000153,84.410416
8120,84.19999695,84.25315
8121,84.19999695,84.2328
8125,84.09999847,84.191315
8126,84.30000305,84.33314
8128,84.09999847,84.541
8131,84.0,84.17895
8140,83.5,83.69348
8142,83.40000153,83.731834
8144,83.5,83.48865
8146,83.5,83.57211
8149,83.5,83.804825
8150,83.5,83.465324
8153,83.19999695,82.953575
8156,82.40000153,82.788795
8158,82.59999847,82.79399
8169,85.542239,85.708176
8170,85.542239,85.55408
8177,85.542239,85.68465
8178,85.542239,88.274925
8181,85.0,85.01507
8183,84.90000153,85.10716
8185,84.59999847,84.871414
8186,84.19999695,84.36611
8192,84.5,85.05208
8194,83.5,83.715355
8197,83.19999695,83.31747
8199,83.19999695,83.20982
8203,84.09999847,83.978226
8205,84.19999695,84.41576
8208,84.0,84.140884
8211,83.80000305,83.94508
8216,83.30000305,83.48489
8219,84.5,84.811165
8232,85.30000305,85.34073
8235,84.59999847,84.94726
8238,85.09999847,85.29207
8239,84.80000305,84.89067
8246,84.90000153,85.058105
8248,85.0,85.362045
8250,85.30000305,85.56428
8254,85.19999695,85.431816
8255,84.80000305,84.93271
8265,83.19999695,83.39328
8266,83.19999695,83.27695
8274,83.5,83.626274
8275,83.19999695,83.31982
8281,83.59999847,83.47305
8284,83.19999695,83.63827
8286,83.59999847,83.8614
8291,83.30000305,83.6873
8292,83.40000153,83.3468
8294,83.5,83.42848
8295,83.59999847,83.49655
8318,83.80000305,83.647995
8319,83.80000305,83.980804
8323,83.5,83.945465
8324,83.69999695,83.93361
8333,84.59999847,85.52536
8338,86.19999695,86.45712
8341,86.5,86.40898
8342,86.69999695,86.6354
8343,86.59999847,86.628426
8345,86.40000153,86.192345
8347,85.59999847,85.48382
8352,85.69999695,85.93451
8356,84.69999695,84.728836
8361,84.09999847,83.988464
8363,84.30000305,84.45372
8366,84.19999695,84.13161
8367,84.0,84.3562
8371,84.30000305,84.21176
8372,84.19999695,84.21797
8373,84.0,83.93566
8374,84.0,84.36693
8378,83.69999695,83.78433
8385,84.5,84.54947
8389,84.30000305,84.69171
8390,84.40000153,84.37492
8393,84.40000153,84.289795
8397,84.90000153,84.68718
8401,84.80000305,85.0486
8404,84.40000153,84.84032
8408,84.0,84.16182
8417,83.19999695,83.434975
8423,83.69999695,84.189316
8424,84.0,84.23598
8428,84.0,84.00541
8429,83.5,83.69812
8442,85.542239,85.339
8443,85.542239,85.33117
8446,85.542239,85.47892
8448,87.0,87.357605
8454,83.69999695,84.23679
8459,85.19999695,85.02417
8467,85.90000153,86.038376
8470,85.80000305,85.97731
8472,86.30000305,86.40605
8473,86.30000305,86.16991
8476,86.59999847,86.6741
8489,85.90000153,86.499466
8497,85.90000153,86.26102
8498,86.09999847,86.07378
8501,86.09999847,86.1262
8504,85.80000305,86.197464
8507,85.69999695,85.67215
8508,85.59999847,85.82829
8511,85.69999695,85.87692
8519,85.5,85.616974
8524,85.5,85.54664
8526,85.90000153,85.808655
8527,85.5,85.75528
8529,85.30000305,85.45538
8530,85.59999847,85.40757
8532,85.69999695,85.6331
8533,85.69999695,85.36612
8535,85.59999847,86.1107
8541,86.0,86.10796
8543,86.19999695,86.18992
8547,86.30000305,86.1809
8552,86.09999847,86.27635
8559,86.69999695,86.434586
8565,86.69999695,86.40223
8568,86.30000305,86.35023
8569,86.5,86.4841
8577,82.90000153,83.10676
8579,82.5,83.17583
8583,83.09999847,83.55008
8587,84.19999695,84.70148
8589,84.30000305,84.59952
8591,84.5,84.6038
8592,83.59999847,83.327255
8595,83.30000305,83.69204
8599,84.30000305,84.961296
8603,85.542239,85.398186
8604,85.542239,85.41019
8608,83.80000305,84.24024
8609,83.69999695,84.13903
8615,84.90000153,84.85583
8616,84.40000153,84.62054
8617,83.90000153,84.133095
8622,85.59999847,86.226715
8623,85.80000305,86.03694
8628,86.90000153,87.02671
8629,86.90000153,87.17699
8637,87.30000305,87.680885
8639,87.40000153,87.74687
8641,87.30000305,87.50101
8647,86.90000153,86.9873
8651,86.59999847,86.94511
8652,86.69999695,86.94447
8654,86.69999695,86.87746
8658,86.69999695,86.58655
8660,86.40000153,86.08067
8669,85.5,85.401276
8670,86.0,85.962395
8676,87.59999847,87.86825
8678,87.0,86.79646
8684,85.30000305,85.05266
8686,85.40000153,85.64252
8689,85.80000305,85.66622
8696,85.40000153,85.57359
8698,86.19999695,86.465
8700,85.40000153,85.427574
8702,83.90000153,84.11145
8705,85.5,85.668915
8710,86.80000305,86.76288
8715,85.59999847,85.326004
8717,84.80000305,84.85332
8721,84.40000153,84.64626
8736,84.90000153,85.50482
8739,85.90000153,85.68601
8742,85.69999695,85.87672
8743,86.0,85.8571
8752,84.69999695,85.15398
8755,85.5,85.48625
8760,85.542239,85.46626
8769,88.40000153,88.01457
8772,87.19999695,86.75476
8777,88.19999695,88.31278
8778,87.80000305,87.990715
8779,87.59999847,87.691795
8786,86.90000153,86.92173
8787,87.0,87.27245
8791,87.59999847,87.936554
8792,87.5,87.82245
8797,87.40000153,86.96807
8798,87.40000153,87.06612
8802,87.30000305,87.182816
8804,86.59999847,86.98017
8806,87.30000305,87.35681
8809,87.69999695,87.01026
8812,87.59999847,86.96458
8817,87.19999695,86.93762
8819,88.19999695,87.74568
8823,88.09999847,87.94019
8824,87.69999695,87.40492
8829,88.0,87.74031
8832,88.09999847,87.81848
8836,87.90000153,87.896835
8837,88.40000153,88.15976
8840,87.40000153,87.0368
8841,87.30000305,87.22702
8846,86.19999695,86.35112
8854,87.19999695,86.99198
8856,87.0,87.21902
8857,87.19999695,87.086685
8859,87.0,87.19229
8861,87.09999847,86.996346
8863,87.30000305,86.951294
8871,87.30000305,86.910065
8873,87.30000305,87.6288
8886,87.30000305,87.00844
8888,87.69999695,87.566376
8889,87.5,87.13366
8890,87.80000305,87.58241
8895,87.09999847,87.14559
8901,87.69999695,87.234055
8904,87.40000153,87.34036
8907,87.30000305,87.049576
8911,86.40000153,86.468
8913,86.90000153,86.88779
8922,87.30000305,87.172134
8924,87.09999847,86.94539
8926,87.5,87.186455
8930,87.40000153,87.072975
8933,86.90000153,86.698296
8934,86.90000153,86.72673
8936,86.69999695,86.82134
8942,87.0,87.13269
8944,86.90000153,86.83745
8945,86.59999847,86.300674
8947,86.09999847,85.78496
8948,86.30000305,86.08508
8953,85.80000305,85.75688
8957,85.5,85.581665
8961,85.59999847,85.5046
8962,85.09999847,85.12188
8964,85.19999695,85.252975
8969,85.19999695,85.18931
8970,85.19999695,85.38225
8973,85.0,84.86489
8977,84.69999695,84.71288
8978,84.90000153,85.10228
8982,84.5,84.734955
8983,84.69999695,84.756424
8986,85.09999847,85.21138
8989,85.40000153,85.71678
8990,85.59999847,85.42856
8993,84.5,84.76274
8994,84.80000305,84.78955
8997,83.80000305,83.98985
8998,83.80000305,83.618706
9000,83.40000153,83.30142
9003,83.30000305,83.56214
9006,83.0,82.88964
9008,82.59999847,83.31731
9012,82.80000305,83.24124
9013,83.0,83.04942
9015,83.30000305,83.32288
9019,83.0,83.426575
9022,83.19999695,83.27575
9025,82.5,82.53078
9029,85.542239,85.59134
9037,83.90000153,84.24696
9040,84.09999847,84.04913
9047,84.40000153,84.329475
9049,84.80000305,84.81528
9050,85.19999695,85.33292
9051,85.19999695,85.313736
9052,85.30000305,85.64759
9061,85.30000305,85.024734
9062,85.19999695,84.98956
9070,85.40000153,85.34328
9077,85.40000153,85.26856
9079,85.30000305,85.75287
9085,85.59999847,85.41854
9094,85.59999847,85.55545
9100,85.90000153,85.836136
9103,85.59999847,85.35489
9107,85.90000153,85.43855
9112,85.69999695,85.07858
9114,85.69999695,85.541
9117,85.80000305,85.66881
9120,86.19999695,85.83504
9123,85.19999695,84.991745
9124,84.90000153,84.86736
9137,86.80000305,86.709335
9138,86.09999847,86.059326
9139,85.80000305,85.60904
9141,85.30000305,85.30061
9144,86.5,86.58116
9148,87.09999847,87.07294
9160,87.09999847,87.08226
9162,87.19999695,87.01778
9166,87.19999695,86.8322
9167,87.30000305,87.06101
9168,86.69999695,86.95324
9172,86.80000305,86.45815
9174,88.30000305,88.23185
9198,88.80000305,88.238144
9208,87.30000305,87.330215
9209,86.5,86.52011
9210,85.59999847,85.846
9212,84.90000153,85.04023
9218,84.40000153,84.76376
9220,84.59999847,85.10875
9222,84.69999695,84.913025
9225,84.5,84.62736
9228,84.0,83.87519
9230,83.90000153,84.09757
9231,84.0,83.9179
9232,83.90000153,84.39562
9235,84.0,84.42839
9247,84.80000305,84.82878
9264,83.5,83.20154
9267,83.80000305,83.9956
9268,84.0,84.01383
9271,84.09999847,84.63435
9277,83.59999847,83.79246
9279,83.30000305,83.69327
9282,83.90000153,83.930016
9284,83.59999847,83.92876
9286,83.5,83.5476
9294,83.59999847,84.1826
9299,84.0,83.97102
9300,84.09999847,83.85968
9302,83.40000153,83.66872
9303,83.5,83.62663
9306,83.5,83.47833
9315,83.5,83.72504
9316,84.30000305,84.938965
9317,85.0,85.105705
9318,85.542239,85.66499
9323,85.542239,85.54858
9325,85.542239,85.52289
9329,85.542239,85.61104
9330,85.542239,85.699646
9332,85.542239,89.518845
9338,88.09999847,87.59994
9339,87.59999847,87.22408
9341,87.30000305,87.01936
9342,87.0,86.89462
9345,87.0,86.49273
9346,87.30000305,86.98445
9350,86.69999695,86.436844
9351,86.80000305,86.354706
9354,86.90000153,86.34636
9356,87.0,86.56766
9358,86.90000153,86.52286
9359,87.19999695,86.94156
9366,87.30000305,87.3495
9368,87.09999847,86.92158
9370,87.0,87.08498
9371,86.90000153,86.55831
9373,86.90000153,86.4511
9378,87.19999695,87.056305
9379,86.90000153,86.51473
9388,86.19999695,86.15022
9392,86.40000153,86.36882
9393,86.59999847,86.3797
9395,85.80000305,85.71122
9396,86.5,86.45422
9400,87.59999847,87.61526
9401,87.80000305,87.425446
9402,87.69999695,87.61312
9407,88.30000305,88.2331
9408,88.30000305,87.90307
9409,87.80000305,87.67256
9410,87.59999847,86.99667
9411,87.0,86.8694
9414,87.0,86.915276
9417,87.40000153,87.06858
9418,87.30000305,87.30948
9420,87.40000153,87.39191
9425,87.5,87.43237
9433,87.90000153,87.3463
9435,88.09999847,87.54438
9436,88.0,87.86537
9441,88.69999695,88.34073
9444,89.69999695,89.45177
9446,89.80000305,89.51626
9449,88.40000153,88.23996
9459,88.59999847,88.39847
9470,89.69999695,88.340454
9478,85.09999847,85.33484
9481,84.69999695,84.982056
9482,84.69999695,84.7053
9483,84.30000305,84.52446
9489,84.30000305,84.421684
9490,83.80000305,83.923615
9497,83.30000305,83.32991
9500,85.69999695,86.21756
9504,86.09999847,86.19444
9505,86.80000305,87.15277
9510,87.0,87.2236
9514,86.80000305,86.86897
9515,87.0,86.932175
9523,86.90000153,86.77073
9525,86.69999695,86.580444
9527,86.69999695,86.454865
9537,86.69999695,86.9568
9542,86.80000305,87.011024
9545,86.59999847,86.90232
9557,86.30000305,86.42775
9558,86.59999847,86.47484
9559,86.90000153,86.57083
9561,87.0,87.224625
9566,87.5,87.29081
9567,87.30000305,87.109665
9576,84.30000305,83.92423
9584,84.69999695,84.40072
9588,84.80000305,84.60423
9592,83.80000305,84.138176
9593,83.80000305,83.9188
9594,83.69999695,83.57559
9595,84.0,83.94174
9598,84.0,83.85844
9599,83.69999695,83.49373
9601,83.80000305,83.77594
9612,85.69999695,85.80501
9614,85.90000153,85.703094
9621,86.0,85.34978
9630,86.30000305,86.16224
9635,86.19999695,86.25779
9639,85.40000153,85.45316
9640,85.0,84.90876
9646,86.90000153,86.828186
9655,88.30000305,88.50492
9657,89.30000305,88.934555
9658,89.69999695,89.638535
9660,88.69999695,88.25684
9661,88.40000153,88.25481
9662,88.40000153,88.05893
9663,87.90000153,87.76375
9671,88.09999847,87.61852
9672,88.09999847,87.616104
9673,87.59999847,87.1314
9680,86.09999847,85.73134
9681,86.19999695,86.11359
9682,86.19999695,85.803314
9683,86.09999847,85.83584
9684,85.69999695,85.624115
9685,86.19999695,86.6543
9686,86.0,85.39835
9690,85.5,85.50571
9694,81.59999847,81.30928
9709,87.19999695,87.23883
9710,87.90000153,87.88655
9717,88.30000305,88.37116
9723,89.0,88.57999
9724,88.80000305,88.70055
9726,88.69999695,88.68979
9730,88.80000305,88.84209
9731,89.30000305,89.30151
9733,89.40000153,89.30214
9735,89.80000305,85.80463
9738,89.30000305,88.99003
9744,89.69999695,89.72723
9745,89.90000153,89.66043
9748,85.542239,85.75638
9750,85.542239,85.785515
9753,89.19999695,88.70606
9768,87.90000153,87.78137
9770,87.69999695,88.2933
9773,85.542239,85.72693
9774,85.542239,85.62879
9776,86.90000153,86.27089
9777,86.0,86.02455
9780,84.69999695,84.57017
9781,84.59999847,84.82201
9784,84.30000305,84.57761
9786,84.30000305,84.78133
9787,84.40000153,84.973946
9790,84.40000153,84.7108
9791,84.59999847,84.59931
9794,84.80000305,85.00558
9795,84.69999695,84.362144
9797,85.542239,85.545074
9800,85.542239,85.444916
9803,87.80000305,86.39249
9808,85.30000305,85.88789
9809,86.40000153,86.80649
9819,88.5,88.54679
9820,88.69999695,88.33864
9822,88.5,88.41839
9828,87.69999695,87.52228
9829,87.40000153,87.60611
9830,87.5,86.956924
9833,87.30000305,87.24365
9837,88.40000153,87.8185
9838,88.5,88.12778
9845,89.0,88.79588
9848,88.5,88.40562
9850,88.59999847,88.62662
9853,89.0,88.88448
9855,89.19999695,88.651505
9858,89.0,88.95703
9859,88.90000153,88.60167
9864,88.80000305,88.89095
9871,86.69999695,86.55844
9872,87.0,86.7373
9877,86.30000305,86.14877
9879,86.59999847,86.53592
9882,86.59999847,86.53987
9893,86.30000305,86.02284
9895,86.0,86.182625
9897,86.19999695,85.9556
9899,86.80000305,87.1735
9905,87.5,87.12929
9917,87.0,86.69313
9922,86.5,86.223755
9926,86.59999847,86.65871
9932,86.09999847,86.527954
9933,86.69999695,86.53644
9934,86.90000153,86.22247
9939,86.0,86.16329
9943,86.69999695,86.752075
9947,87.09999847,87.129
9956,86.30000305,86.476654
9961,86.90000153,87.00792
9964,86.30000305,86.15518
9965,85.542239,85.8379
9967,85.542239,85.30174
9972,89.80000305,89.4095
9974,85.542239,85.463234
9982,85.80000305,85.75297
9987,85.40000153,85.66084
9988,85.19999695,85.150795
9989,85.69999695,85.64623
9993,85.5,85.77395
9994,85.80000305,85.56352
10013,85.09999847,85.057144
10014,85.30000305,85.58795
10017,85.19999695,85.29052
10029,85.59999847,85.32982
10030,85.40000153,85.95674
10034,85.09999847,85.456924
10041,85.69999695,85.8463
10051,85.09999847,85.30266
10058,85.59999847,85.427376
10060,85.30000305,85.67532
10061,85.40000153,85.02823
10065,85.69999695,85.5353
10066,85.40000153,85.342026
10067,85.80000305,85.598854
10069,85.40000153,85.57471
10076,84.90000153,84.98495
10079,85.30000305,85.38181
10082,86.5,86.16768
10084,86.0,86.15253
10086,85.80000305,85.89714
10088,86.0,86.021225
10096,87.90000153,87.631966
10100,86.69999695,86.64422
10101,87.0,86.94986
10102,86.69999695,86.43205
10116,85.90000153,86.02006
10119,86.30000305,86.49048
10120,86.19999695,86.5971
10127,86.69999695,86.49676
10129,86.69999695,86.66272
10130,86.80000305,86.69657
10136,87.5,87.45403
10138,87.59999847,88.18318
10143,87.59999847,87.0795
10146,87.59999847,87.259766
10148,87.30000305,87.14427
10163,87.09999847,87.16379
10165,86.30000305,86.30061
10167,85.90000153,85.76897
10175,85.59999847,85.672615
10176,85.59999847,85.92154
10179,85.80000305,85.91574
10180,85.90000153,85.75007
10182,86.19999695,86.60627
10184,86.09999847,86.15176
10186,85.90000153,85.72807
10188,85.19999695,85.67615
10194,86.0,85.85238
10196,86.19999695,86.2852
10199,86.09999847,86.040535
10200,85.90000153,85.828186
10202,85.90000153,85.87764
10203,86.09999847,86.2176
10212,85.80000305,85.725586
10213,85.69999695,85.41585
10215,86.30000305,86.726364
10218,85.69999695,85.74236
10227,85.542239,85.51686
10229,85.542239,85.41698
10232,85.542239,85.40125
10233,85.542239,85.36524
10236,85.542239,85.51289
10237,85.542239,85.31609
10238,85.542239,85.37985
10242,85.09999847,84.67958
10246,83.09999847,83.36555
10248,83.69999695,83.714096
10251,83.80000305,84.10942
10253,84.40000153,84.77338
10255,84.90000153,84.80365
10261,85.30000305,85.42905
10278,87.80000305,87.28223
10279,87.69999695,87.482735
10289,86.80000305,86.997116
10291,87.09999847,86.93623
10297,86.30000305,86.23284
10298,86.80000305,86.68227
10305,86.30000305,86.27535
10307,86.59999847,86.36528
10310,86.59999847,86.11938
10311,86.59999847,86.4939
10319,87.19999695,87.108406
10324,86.80000305,86.709015
10327,86.59999847,86.22662
10340,85.542239,85.32486
10345,85.542239,89.20761
10348,87.19999695,86.67758
10351,87.40000153,87.2618
10359,87.40000153,87.06837
10365,87.5,86.90752
10366,86.90000153,86.42534
10368,86.90000153,86.7131
10369,86.69999695,86.60157
10372,87.30000305,86.95987
10376,87.0,86.85752
10378,87.09999847,87.123665
10379,87.0,86.739716
10383,87.19999695,87.16375
10387,87.40000153,87.38386
10389,87.59999847,87.621155
10390,87.80000305,87.56984
10391,87.69999695,87.491135
10392,87.5,87.29575
10398,86.80000305,86.49317
10402,86.90000153,86.27201
10406,87.5,87.05146
10410,87.19999695,86.87062
10411,87.30000305,86.878784
10413,87.69999695,87.313
10419,86.5,85.92467
10421,86.19999695,86.08855
10423,86.19999695,85.85997
10425,86.59999847,86.10426
10428,86.69999695,86.41934
10429,86.80000305,86.378654
10430,86.90000153,86.79413
10433,86.90000153,86.45781
10441,87.90000153,87.45627
10443,86.90000153,85.98534
10444,86.19999695,85.75026
10445,85.59999847,85.51395
10447,85.40000153,85.27934
10448,86.0,85.58892
10449,85.40000153,85.44925
10453,86.30000305,86.10855
10454,86.30000305,85.84233
10456,86.19999695,86.19028
10457,86.40000153,86.02551
10458,86.40000153,86.35471
10461,86.40000153,86.35608
10465,87.40000153,86.871
10466,86.90000153,86.34034
10474,86.80000305,86.22992
10475,86.09999847,86.243164
10480,85.69999695,85.29625
10481,85.59999847,85.47124
10483,85.5,85.82028
10484,85.90000153,86.074615
10485,85.542239,85.699104
10487,85.542239,85.68427
10488,85.542239,85.72214
10497,85.59999847,85.63808
10499,85.80000305,85.70706
10500,85.19999695,85.258514
10501,85.19999695,85.21945
10502,85.09999847,85.15997
10504,85.0,85.287125
10512,85.59999847,85.739914
10513,85.80000305,85.69474
10525,83.90000153,84.312225
10527,84.30000305,84.00798
10530,84.30000305,84.165085
10532,84.09999847,84.23007
10535,84.09999847,83.93654
10541,85.69999695,85.27889
10548,84.0,84.05527
10556,84.59999847,84.73277
10558,84.69999695,85.19967
10560,85.19999695,85.2402
10563,84.5,84.31049
10564,84.40000153,84.245224
10567,85.542239,85.607025
10568,85.542239,85.45226
10572,86.59999847,85.98766
10578,84.59999847,84.59734
10581,85.09999847,85.286865
10583,85.30000305,84.97107
10584,85.5,85.23343
10588,85.30000305,84.737564
10592,84.19999695,83.987274
10597,84.80000305,84.80932
10599,85.09999847,85.21997
10600,85.09999847,85.24307
10603,85.19999695,85.410324
10606,85.5,85.25104
10617,86.30000305,86.1091
10619,86.0,85.63935
10620,86.0,86.11616
10623,86.0,85.8392
10626,85.80000305,85.73349
10631,86.0,85.95631
10632,86.40000153,86.3728
10634,86.80000305,86.572845
10636,86.90000153,86.92335
10638,87.09999847,86.85841
10639,87.40000153,87.26468
10640,87.59999847,86.99117
10645,85.80000305,85.52201
10647,85.90000153,85.85657
10650,86.0,85.80324
10655,85.69999695,85.15228
10659,85.59999847,85.11349
10661,85.5,85.23719
10662,85.69999695,85.46272
10663,85.40000153,85.33316
10667,86.80000305,86.79878
10681,85.5,85.35448
10685,85.69999695,85.30078
10686,85.5,85.43388
10687,85.09999847,84.88919
10689,85.0,84.88861
10691,85.09999847,84.85906
10695,84.69999695,84.49533
10698,85.0,85.28922
10699,85.30000305,85.032555
10703,85.09999847,85.02698
10704,85.09999847,85.29263
10712,85.542239,85.50443
10716,88.80000305,88.184814
10717,87.90000153,87.36154
10722,86.69999695,86.62407
10727,86.59999847,86.589935
10728,86.59999847,86.21805
10729,86.19999695,86.12733
10731,86.59999847,86.590164
10733,87.0,87.082565
10735,87.0,86.75374
10737,87.5,86.97792
10738,87.40000153,87.42001
10744,87.40000153,86.97212
10754,86.09999847,85.71785
10757,85.80000305,85.833305
10760,86.0,85.92789
10766,86.0,85.35607
10768,85.59999847,85.741806
10779,85.80000305,85.815155
10781,85.90000153,86.12986
10785,85.90000153,85.98467
10787,86.0,85.67275
10792,86.19999695,86.09944
10796,86.5,86.37456
10799,86.80000305,86.21704
10801,86.69999695,86.36255
10806,86.59999847,86.29577
10813,86.69999695,86.42049
10817,86.59999847,86.49363
10819,87.0,86.714355
10825,87.09999847,86.530975
10826,86.30000305,86.06623
10828,86.19999695,86.50177
10831,85.69999695,85.26984
10832,85.30000305,85.416245
10835,87.90000153,87.28431
10838,85.69999695,85.58206
10848,85.09999847,85.03729
10853,85.09999847,85.57982
10856,85.5,85.60397
10859,85.19999695,85.148224
10862,85.30000305,85.24036
10865,85.59999847,85.5737
10866,85.40000153,85.32579
10868,84.80000305,84.4086
10871,85.542239,85.61705
10873,85.542239,85.07779
10876,85.542239,85.53379
10877,85.542239,85.49482
10878,85.542239,85.46511
10879,85.542239,85.479774
10882,85.09999847,85.02211
10894,84.80000305,84.928894
10903,87.80000305,87.672226
10904,87.80000305,87.570145
10906,87.90000153,87.758575
10912,87.69999695,87.444046
10914,86.5,86.525986
10915,86.40000153,85.98072
10918,86.90000153,86.8851
10920,86.40000153,86.70741
10924,86.40000153,86.2613
10937,85.80000305,85.43925
10940,86.19999695,86.00281
10942,86.19999695,86.12787
10947,85.59999847,85.32764
10949,85.40000153,85.471054
10955,85.69999695,85.569595
10958,85.69999695,85.722
10959,85.80000305,85.494446
10960,85.90000153,85.888176
10965,86.19999695,85.77464
10966,86.09999847,86.32198
10968,86.09999847,86.09241
10977,84.5,84.45998
10978,84.30000305,84.13966
10983,84.09999847,84.71055
10989,84.5,84.317375
10990,84.40000153,84.53265
10992,84.69999695,84.69257
10993,84.90000153,84.87909
10994,85.0,84.92244
10998,85.19999695,85.47588
11000,83.80000305,83.46463
11003,85.40000153,85.37132
11005,85.80000305,85.76846
11007,85.5,85.49461
11009,85.19999695,85.33097
11011,85.5,85.288795
11015,85.5,85.47713
11017,85.59999847,86.05568
11018,86.09999847,85.72795
11024,85.30000305,85.31412
11026,85.90000153,85.632904
11033,85.69999695,85.64984
11040,85.542239,85.64069
11042,86.19999695,85.69498
11051,88.09999847,87.97541
11052,88.59999847,88.1232
11059,87.90000153,87.45951
11062,88.0,87.579094
11066,87.90000153,87.35411
11068,87.69999695,87.45247
11075,88.09999847,87.90027
11080,87.80000305,87.43413
11085,87.69999695,87.17514
11088,87.59999847,87.41623
11091,87.5,87.55899
11095,87.80000305,87.414856
11096,87.80000305,87.53554
11098,87.69999695,87.355354
11100,87.69999695,87.49902
11101,87.90000153,87.52101
11109,88.40000153,87.87065
11111,88.09999847,87.81883
11116,88.19999695,87.884415
11118,87.19999695,87.082275
11120,84.40000153,84.88675
11121,85.40000153,85.46539
11122,86.0,85.75337
11126,86.19999695,86.0388
11128,86.19999695,86.256485
11129,86.19999695,86.01709
11133,86.19999695,86.37602
11136,86.30000305,86.20697
11140,85.30000305,85.34333
11142,85.69999695,85.34647
11148,86.30000305,85.738434
11151,85.5,85.65027
11152,85.59999847,85.5408
11155,86.59999847,86.388794
11157,86.90000153,86.8703
11161,87.09999847,86.79039
11165,86.30000305,85.82032
11173,86.69999695,86.25023
11175,86.59999847,86.53235
11178,86.69999695,86.60864
11184,86.80000305,86.886185
11187,87.19999695,86.517006
11190,86.90000153,86.65379
11191,86.09999847,85.88673
11192,85.542239,85.465866
11199,87.5,87.26562
11206,88.90000153,88.6503
11207,89.30000305,88.90422
11208,88.80000305,88.301346
11211,88.19999695,88.28175
11218,88.19999695,87.86494
11224,88.5,88.460434
11230,87.30000305,87.27366
11231,87.5,87.25842
11240,87.40000153,87.083466
11241,87.19999695,87.305664
11242,87.40000153,87.34042
11243,87.59999847,87.032974
11248,87.09999847,86.77931
11250,86.90000153,86.92489
11251,87.09999847,86.916725
11254,87.30000305,87.26818
11259,87.19999695,86.76694
11264,88.19999695,88.04394
11266,88.5,88.2406
11270,89.69999695,89.061035
11272,89.59999847,89.05724
11276,87.40000153,86.67499
11280,87.69999695,87.423996
11283,87.40000153,87.015884
11286,85.90000153,85.579185
11287,85.80000305,85.64512
11293,86.5,86.385254
11299,87.19999695,86.786194
11302,87.19999695,87.18349
11305,87.40000153,87.41397
11306,87.30000305,87.24667
11307,87.30000305,87.34562
11308,87.0,86.65144
11311,87.0,86.88599
11317,84.69999695,84.832344
11319,84.90000153,84.577194
11320,84.59999847,85.03819
11325,83.80000305,84.041245
11333,86.40000153,86.29289
11336,86.40000153,86.39453
11343,84.90000153,84.659584
11351,86.69999695,86.28133
11352,86.40000153,86.24167
11353,86.5,86.2448
11357,86.19999695,86.11847
11358,86.09999847,85.654854
11367,85.69999695,86.1847
11370,86.19999695,85.7959
11372,86.0,86.01437
11373,85.80000305,85.60828
11374,86.09999847,85.742424
11380,86.59999847,86.16237
11383,86.30000305,85.85206
11386,86.40000153,86.08563
11387,86.30000305,86.270966
11388,86.59999847,86.486565
11392,86.40000153,86.07856
11394,86.40000153,86.39657
11400,85.5,85.02028
11413,86.80000305,86.421585
11414,86.5,86.10373
11416,86.80000305,86.763336
11418,86.80000305,86.81732
11422,86.69999695,86.329994
11423,87.30000305,87.383514
11428,86.69999695,87.15201
11431,86.90000153,86.45128
11433,86.69999695,86.455
11437,86.69999695,86.59787
11439,86.80000305,86.68666
11441,86.90000153,86.992615
11442,87.09999847,86.68917
11448,87.0,86.587906
11449,86.5,86.640015
11456,86.80000305,86.60207
11457,86.19999695,85.761
11458,86.19999695,86.058556
11459,85.5,85.52839
11460,85.69999695,85.50572
11466,85.542239,85.72065
11469,85.542239,85.55414
11482,87.19999695,87.270615
11485,87.59999847,87.300064
11486,87.90000153,88.18819
11489,88.5,88.0618
11490,88.09999847,88.20827
11491,88.09999847,87.89526
11493,87.80000305,87.745605
11507,87.90000153,87.79651
11509,87.69999695,87.36654
11514,87.80000305,87.312416
11516,87.5,87.56106
11517,87.30000305,87.31981
11524,87.19999695,86.96646
11526,87.0,86.60443
11528,83.90000153,82.223175
11531,87.69999695,87.686966
11533,88.59999847,88.66792
11534,88.90000153,88.80235
11536,88.90000153,88.78342
11537,88.59999847,88.616806
11539,88.19999695,87.768745
11542,88.0,87.46327
11543,87.80000305,87.70411
11545,87.0,86.449234
11547,87.09999847,87.21077
11549,86.80000305,86.8833
11551,87.59999847,87.50805
11555,87.30000305,87.424194
11556,87.30000305,87.07886
11557,87.40000153,87.527466
11562,87.59999847,87.23709
11563,87.5,87.495094
11564,88.0,87.64262
11565,87.69999695,87.36224
11568,87.19999695,87.00912
11569,87.30000305,87.28603
11570,87.09999847,87.083115
11575,86.5,86.39713
11577,86.40000153,86.30841
11583,87.0,87.16481
11585,87.59999847,87.43352
11590,86.09999847,86.160324
11591,86.5,86.302765
11593,86.59999847,86.79567
11598,84.69999695,84.57319
11599,84.69999695,84.45394
11601,84.40000153,84.25314
11605,84.09999847,84.11638
11608,84.19999695,84.43288
11615,83.69999695,83.846565
11617,84.09999847,84.33587
11627,85.542239,85.437775
11629,85.542239,85.52585
11631,85.542239,85.57885
11633,85.542239,85.678505
11637,88.59999847,88.391266
11638,88.59999847,88.2334
11640,88.40000153,88.15686
11645,87.80000305,87.60984
11646,87.90000153,87.54546
11647,87.80000305,87.705376
11651,86.90000153,86.719025
11652,86.90000153,86.492836
11660,87.0,87.44155
11663,87.30000305,87.06453
11667,87.19999695,86.83531
11668,87.0,87.006256
11671,87.09999847,86.42736
11674,87.0,86.5065
11676,86.90000153,86.76326
11683,87.40000153,87.14396
11684,87.5,87.19848
11685,87.5,87.366135
11687,87.40000153,86.88562
11688,86.40000153,86.295616
11691,86.80000305,86.22386
11693,86.80000305,86.164085
11694,86.90000153,86.454704
11699,87.19999695,86.9099
11708,87.09999847,86.66963
11710,87.30000305,86.91263
11712,87.40000153,87.237
11722,87.09999847,86.85013
11723,87.09999847,86.674835
11729,86.0,85.77651
11730,85.59999847,85.6031
11732,85.5,85.39797
11737,85.90000153,85.54996
11741,85.19999695,85.17265
11743,85.40000153,85.32281
11748,85.40000153,85.48266
11749,85.5,85.2059
11752,87.0,87.26168
11753,86.90000153,86.39152
11763,86.80000305,86.33432
11766,87.0,86.6622
11770,87.40000153,87.23961
11776,86.5,85.79561
11781,86.80000305,86.19256
